seed,alignment,forecasts,above_indicator_threshold,log_loss,signed_endpoint_ticks,direction_hit
1729,balanced_origin,283,130,0.9750905646564344,4.996466431095457,0.657243816254417
1729,continuation,233,164,0.9413471766496568,6.5793991416307,0.6909871244635193
1729,opposing,60,27,0.8804513617089346,12.899999999999945,0.6666666666666666
2718,balanced_origin,271,139,1.0466359460573993,3.5590405904058713,0.5571955719557196
2718,continuation,199,135,0.8552581083303219,9.924623115577846,0.7638190954773869
2718,opposing,106,49,1.0164534113514578,3.301886792452897,0.4716981132075472
3141,balanced_origin,252,131,0.9903243912812291,6.138888888888917,0.5952380952380952
3141,continuation,229,167,0.9772399438001741,7.2620087336244525,0.6157205240174672
3141,opposing,95,54,0.9821938153048236,6.784210526315573,0.6842105263157895
