session,expected_bars,valid_bars,retained,open,close,missing_expected_bars,nonfinite_ohlc_bars,invalid_volume_bars,inconsistent_or_nonpositive_ohlc_bars
2025-09-26,78,78,True,2025-09-26T13:30:00+00:00,2025-09-26T20:00:00+00:00,0,0,0,0
2025-09-29,78,78,True,2025-09-29T13:30:00+00:00,2025-09-29T20:00:00+00:00,0,0,0,0
2025-09-30,78,78,True,2025-09-30T13:30:00+00:00,2025-09-30T20:00:00+00:00,0,0,0,0
2025-10-01,78,78,True,2025-10-01T13:30:00+00:00,2025-10-01T20:00:00+00:00,0,0,0,0
2025-10-02,78,78,True,2025-10-02T13:30:00+00:00,2025-10-02T20:00:00+00:00,0,0,0,0
2025-10-03,78,78,True,2025-10-03T13:30:00+00:00,2025-10-03T20:00:00+00:00,0,0,0,0
2025-10-06,78,78,True,2025-10-06T13:30:00+00:00,2025-10-06T20:00:00+00:00,0,0,0,0
2025-10-07,78,78,True,2025-10-07T13:30:00+00:00,2025-10-07T20:00:00+00:00,0,0,0,0
2025-10-08,78,78,True,2025-10-08T13:30:00+00:00,2025-10-08T20:00:00+00:00,0,0,0,0
2025-10-09,78,78,True,2025-10-09T13:30:00+00:00,2025-10-09T20:00:00+00:00,0,0,0,0
2025-10-10,78,78,True,2025-10-10T13:30:00+00:00,2025-10-10T20:00:00+00:00,0,0,0,0
2025-10-13,78,78,True,2025-10-13T13:30:00+00:00,2025-10-13T20:00:00+00:00,0,0,0,0
2025-10-14,78,78,True,2025-10-14T13:30:00+00:00,2025-10-14T20:00:00+00:00,0,0,0,0
2025-10-15,78,78,True,2025-10-15T13:30:00+00:00,2025-10-15T20:00:00+00:00,0,0,0,0
2025-10-16,78,78,True,2025-10-16T13:30:00+00:00,2025-10-16T20:00:00+00:00,0,0,0,0
2025-10-17,78,78,True,2025-10-17T13:30:00+00:00,2025-10-17T20:00:00+00:00,0,0,0,0
2025-10-20,78,78,True,2025-10-20T13:30:00+00:00,2025-10-20T20:00:00+00:00,0,0,0,0
2025-10-21,78,78,True,2025-10-21T13:30:00+00:00,2025-10-21T20:00:00+00:00,0,0,0,0
2025-10-22,78,78,True,2025-10-22T13:30:00+00:00,2025-10-22T20:00:00+00:00,0,0,0,0
2025-10-23,78,78,True,2025-10-23T13:30:00+00:00,2025-10-23T20:00:00+00:00,0,0,0,0
2025-10-24,78,78,True,2025-10-24T13:30:00+00:00,2025-10-24T20:00:00+00:00,0,0,0,0
2025-10-27,78,78,True,2025-10-27T13:30:00+00:00,2025-10-27T20:00:00+00:00,0,0,0,0
2025-10-28,78,78,True,2025-10-28T13:30:00+00:00,2025-10-28T20:00:00+00:00,0,0,0,0
2025-10-29,78,78,True,2025-10-29T13:30:00+00:00,2025-10-29T20:00:00+00:00,0,0,0,0
2025-10-30,78,78,True,2025-10-30T13:30:00+00:00,2025-10-30T20:00:00+00:00,0,0,0,0
2025-10-31,78,78,True,2025-10-31T13:30:00+00:00,2025-10-31T20:00:00+00:00,0,0,0,0
2025-11-03,78,78,True,2025-11-03T14:30:00+00:00,2025-11-03T21:00:00+00:00,0,0,0,0
2025-11-04,78,78,True,2025-11-04T14:30:00+00:00,2025-11-04T21:00:00+00:00,0,0,0,0
2025-11-05,78,78,True,2025-11-05T14:30:00+00:00,2025-11-05T21:00:00+00:00,0,0,0,0
2025-11-06,78,78,True,2025-11-06T14:30:00+00:00,2025-11-06T21:00:00+00:00,0,0,0,0
2025-11-07,78,78,True,2025-11-07T14:30:00+00:00,2025-11-07T21:00:00+00:00,0,0,0,0
2025-11-10,78,78,True,2025-11-10T14:30:00+00:00,2025-11-10T21:00:00+00:00,0,0,0,0
2025-11-11,78,78,True,2025-11-11T14:30:00+00:00,2025-11-11T21:00:00+00:00,0,0,0,0
2025-11-12,78,78,True,2025-11-12T14:30:00+00:00,2025-11-12T21:00:00+00:00,0,0,0,0
2025-11-13,78,78,True,2025-11-13T14:30:00+00:00,2025-11-13T21:00:00+00:00,0,0,0,0
2025-11-14,78,78,True,2025-11-14T14:30:00+00:00,2025-11-14T21:00:00+00:00,0,0,0,0
2025-11-17,78,78,True,2025-11-17T14:30:00+00:00,2025-11-17T21:00:00+00:00,0,0,0,0
2025-11-18,78,78,True,2025-11-18T14:30:00+00:00,2025-11-18T21:00:00+00:00,0,0,0,0
2025-11-19,78,78,True,2025-11-19T14:30:00+00:00,2025-11-19T21:00:00+00:00,0,0,0,0
2025-11-20,78,78,True,2025-11-20T14:30:00+00:00,2025-11-20T21:00:00+00:00,0,0,0,0
2025-11-21,78,78,True,2025-11-21T14:30:00+00:00,2025-11-21T21:00:00+00:00,0,0,0,0
2025-11-24,78,78,True,2025-11-24T14:30:00+00:00,2025-11-24T21:00:00+00:00,0,0,0,0
2025-11-25,78,78,True,2025-11-25T14:30:00+00:00,2025-11-25T21:00:00+00:00,0,0,0,0
2025-11-26,78,78,True,2025-11-26T14:30:00+00:00,2025-11-26T21:00:00+00:00,0,0,0,0
2025-11-28,42,40,False,2025-11-28T14:30:00+00:00,2025-11-28T18:00:00+00:00,0,2,2,0
2025-12-01,78,78,True,2025-12-01T14:30:00+00:00,2025-12-01T21:00:00+00:00,0,0,0,0
2025-12-02,78,78,True,2025-12-02T14:30:00+00:00,2025-12-02T21:00:00+00:00,0,0,0,0
2025-12-03,78,78,True,2025-12-03T14:30:00+00:00,2025-12-03T21:00:00+00:00,0,0,0,0
2025-12-04,78,78,True,2025-12-04T14:30:00+00:00,2025-12-04T21:00:00+00:00,0,0,0,0
2025-12-05,78,78,True,2025-12-05T14:30:00+00:00,2025-12-05T21:00:00+00:00,0,0,0,0
2025-12-08,78,78,True,2025-12-08T14:30:00+00:00,2025-12-08T21:00:00+00:00,0,0,0,0
2025-12-09,78,78,True,2025-12-09T14:30:00+00:00,2025-12-09T21:00:00+00:00,0,0,0,0
2025-12-10,78,78,True,2025-12-10T14:30:00+00:00,2025-12-10T21:00:00+00:00,0,0,0,0
2025-12-11,78,78,True,2025-12-11T14:30:00+00:00,2025-12-11T21:00:00+00:00,0,0,0,0
2025-12-12,78,78,True,2025-12-12T14:30:00+00:00,2025-12-12T21:00:00+00:00,0,0,0,0
2025-12-15,78,78,True,2025-12-15T14:30:00+00:00,2025-12-15T21:00:00+00:00,0,0,0,0
2025-12-16,78,78,True,2025-12-16T14:30:00+00:00,2025-12-16T21:00:00+00:00,0,0,0,0
2025-12-17,78,78,True,2025-12-17T14:30:00+00:00,2025-12-17T21:00:00+00:00,0,0,0,0
2025-12-18,78,78,True,2025-12-18T14:30:00+00:00,2025-12-18T21:00:00+00:00,0,0,0,0
2025-12-19,78,78,True,2025-12-19T14:30:00+00:00,2025-12-19T21:00:00+00:00,0,0,0,0
2025-12-22,78,78,True,2025-12-22T14:30:00+00:00,2025-12-22T21:00:00+00:00,0,0,0,0
2025-12-23,78,78,True,2025-12-23T14:30:00+00:00,2025-12-23T21:00:00+00:00,0,0,0,0
2025-12-24,42,40,False,2025-12-24T14:30:00+00:00,2025-12-24T18:00:00+00:00,0,2,2,0
2025-12-26,78,78,True,2025-12-26T14:30:00+00:00,2025-12-26T21:00:00+00:00,0,0,0,0
2025-12-29,78,78,True,2025-12-29T14:30:00+00:00,2025-12-29T21:00:00+00:00,0,0,0,0
2025-12-30,78,78,True,2025-12-30T14:30:00+00:00,2025-12-30T21:00:00+00:00,0,0,0,0
2025-12-31,78,78,True,2025-12-31T14:30:00+00:00,2025-12-31T21:00:00+00:00,0,0,0,0
2026-01-02,78,78,True,2026-01-02T14:30:00+00:00,2026-01-02T21:00:00+00:00,0,0,0,0
2026-01-05,78,78,True,2026-01-05T14:30:00+00:00,2026-01-05T21:00:00+00:00,0,0,0,0
2026-01-06,78,78,True,2026-01-06T14:30:00+00:00,2026-01-06T21:00:00+00:00,0,0,0,0
2026-01-07,78,78,True,2026-01-07T14:30:00+00:00,2026-01-07T21:00:00+00:00,0,0,0,0
2026-01-08,78,78,True,2026-01-08T14:30:00+00:00,2026-01-08T21:00:00+00:00,0,0,0,0
2026-01-09,78,78,True,2026-01-09T14:30:00+00:00,2026-01-09T21:00:00+00:00,0,0,0,0
2026-01-12,78,78,True,2026-01-12T14:30:00+00:00,2026-01-12T21:00:00+00:00,0,0,0,0
2026-01-13,78,78,True,2026-01-13T14:30:00+00:00,2026-01-13T21:00:00+00:00,0,0,0,0
2026-01-14,78,78,True,2026-01-14T14:30:00+00:00,2026-01-14T21:00:00+00:00,0,0,0,0
2026-01-15,78,78,True,2026-01-15T14:30:00+00:00,2026-01-15T21:00:00+00:00,0,0,0,0
2026-01-16,78,78,True,2026-01-16T14:30:00+00:00,2026-01-16T21:00:00+00:00,0,0,0,0
2026-01-20,78,78,True,2026-01-20T14:30:00+00:00,2026-01-20T21:00:00+00:00,0,0,0,0
2026-01-21,78,77,False,2026-01-21T14:30:00+00:00,2026-01-21T21:00:00+00:00,0,1,1,0
2026-01-22,78,78,True,2026-01-22T14:30:00+00:00,2026-01-22T21:00:00+00:00,0,0,0,0
2026-01-23,78,78,True,2026-01-23T14:30:00+00:00,2026-01-23T21:00:00+00:00,0,0,0,0
2026-01-26,78,78,True,2026-01-26T14:30:00+00:00,2026-01-26T21:00:00+00:00,0,0,0,0
2026-01-27,78,78,True,2026-01-27T14:30:00+00:00,2026-01-27T21:00:00+00:00,0,0,0,0
2026-01-28,78,78,True,2026-01-28T14:30:00+00:00,2026-01-28T21:00:00+00:00,0,0,0,0
2026-01-29,78,78,True,2026-01-29T14:30:00+00:00,2026-01-29T21:00:00+00:00,0,0,0,0
2026-01-30,78,78,True,2026-01-30T14:30:00+00:00,2026-01-30T21:00:00+00:00,0,0,0,0
2026-02-02,78,27,False,2026-02-02T14:30:00+00:00,2026-02-02T21:00:00+00:00,0,51,51,0
2026-02-03,78,78,True,2026-02-03T14:30:00+00:00,2026-02-03T21:00:00+00:00,0,0,0,0
2026-02-04,78,78,True,2026-02-04T14:30:00+00:00,2026-02-04T21:00:00+00:00,0,0,0,0
2026-02-05,78,78,True,2026-02-05T14:30:00+00:00,2026-02-05T21:00:00+00:00,0,0,0,0
2026-02-06,78,76,False,2026-02-06T14:30:00+00:00,2026-02-06T21:00:00+00:00,0,2,2,0
2026-02-09,78,78,True,2026-02-09T14:30:00+00:00,2026-02-09T21:00:00+00:00,0,0,0,0
2026-02-10,78,78,True,2026-02-10T14:30:00+00:00,2026-02-10T21:00:00+00:00,0,0,0,0
2026-02-11,78,78,True,2026-02-11T14:30:00+00:00,2026-02-11T21:00:00+00:00,0,0,0,0
2026-02-12,78,78,True,2026-02-12T14:30:00+00:00,2026-02-12T21:00:00+00:00,0,0,0,0
2026-02-13,78,78,True,2026-02-13T14:30:00+00:00,2026-02-13T21:00:00+00:00,0,0,0,0
2026-02-17,78,78,True,2026-02-17T14:30:00+00:00,2026-02-17T21:00:00+00:00,0,0,0,0
2026-02-18,78,78,True,2026-02-18T14:30:00+00:00,2026-02-18T21:00:00+00:00,0,0,0,0
2026-02-19,78,78,True,2026-02-19T14:30:00+00:00,2026-02-19T21:00:00+00:00,0,0,0,0
2026-02-20,78,78,True,2026-02-20T14:30:00+00:00,2026-02-20T21:00:00+00:00,0,0,0,0
2026-02-23,78,78,True,2026-02-23T14:30:00+00:00,2026-02-23T21:00:00+00:00,0,0,0,0
2026-02-24,78,78,True,2026-02-24T14:30:00+00:00,2026-02-24T21:00:00+00:00,0,0,0,0
2026-02-25,78,78,True,2026-02-25T14:30:00+00:00,2026-02-25T21:00:00+00:00,0,0,0,0
2026-02-26,78,78,True,2026-02-26T14:30:00+00:00,2026-02-26T21:00:00+00:00,0,0,0,0
2026-02-27,78,78,True,2026-02-27T14:30:00+00:00,2026-02-27T21:00:00+00:00,0,0,0,0
2026-03-02,78,78,True,2026-03-02T14:30:00+00:00,2026-03-02T21:00:00+00:00,0,0,0,0
2026-03-03,78,78,True,2026-03-03T14:30:00+00:00,2026-03-03T21:00:00+00:00,0,0,0,0
2026-03-04,78,78,True,2026-03-04T14:30:00+00:00,2026-03-04T21:00:00+00:00,0,0,0,0
2026-03-05,78,78,True,2026-03-05T14:30:00+00:00,2026-03-05T21:00:00+00:00,0,0,0,0
2026-03-06,78,78,True,2026-03-06T14:30:00+00:00,2026-03-06T21:00:00+00:00,0,0,0,0
2026-03-09,78,78,True,2026-03-09T13:30:00+00:00,2026-03-09T20:00:00+00:00,0,0,0,0
2026-03-10,78,78,True,2026-03-10T13:30:00+00:00,2026-03-10T20:00:00+00:00,0,0,0,0
2026-03-11,78,78,True,2026-03-11T13:30:00+00:00,2026-03-11T20:00:00+00:00,0,0,0,0
2026-03-12,78,78,True,2026-03-12T13:30:00+00:00,2026-03-12T20:00:00+00:00,0,0,0,0
2026-03-13,78,78,True,2026-03-13T13:30:00+00:00,2026-03-13T20:00:00+00:00,0,0,0,0
2026-03-16,78,78,True,2026-03-16T13:30:00+00:00,2026-03-16T20:00:00+00:00,0,0,0,0
2026-03-17,78,78,True,2026-03-17T13:30:00+00:00,2026-03-17T20:00:00+00:00,0,0,0,0
2026-03-18,78,78,True,2026-03-18T13:30:00+00:00,2026-03-18T20:00:00+00:00,0,0,0,0
2026-03-19,78,78,True,2026-03-19T13:30:00+00:00,2026-03-19T20:00:00+00:00,0,0,0,0
2026-03-20,78,78,True,2026-03-20T13:30:00+00:00,2026-03-20T20:00:00+00:00,0,0,0,0
2026-03-23,78,78,True,2026-03-23T13:30:00+00:00,2026-03-23T20:00:00+00:00,0,0,0,0
2026-03-24,78,78,True,2026-03-24T13:30:00+00:00,2026-03-24T20:00:00+00:00,0,0,0,0
2026-03-25,78,78,True,2026-03-25T13:30:00+00:00,2026-03-25T20:00:00+00:00,0,0,0,0
2026-03-26,78,78,True,2026-03-26T13:30:00+00:00,2026-03-26T20:00:00+00:00,0,0,0,0
2026-03-27,78,78,True,2026-03-27T13:30:00+00:00,2026-03-27T20:00:00+00:00,0,0,0,0
2026-03-30,78,78,True,2026-03-30T13:30:00+00:00,2026-03-30T20:00:00+00:00,0,0,0,0
2026-03-31,78,78,True,2026-03-31T13:30:00+00:00,2026-03-31T20:00:00+00:00,0,0,0,0
2026-04-01,78,78,True,2026-04-01T13:30:00+00:00,2026-04-01T20:00:00+00:00,0,0,0,0
2026-04-02,78,78,True,2026-04-02T13:30:00+00:00,2026-04-02T20:00:00+00:00,0,0,0,0
2026-04-06,78,78,True,2026-04-06T13:30:00+00:00,2026-04-06T20:00:00+00:00,0,0,0,0
2026-04-07,78,78,True,2026-04-07T13:30:00+00:00,2026-04-07T20:00:00+00:00,0,0,0,0
2026-04-08,78,78,True,2026-04-08T13:30:00+00:00,2026-04-08T20:00:00+00:00,0,0,0,0
2026-04-09,78,78,True,2026-04-09T13:30:00+00:00,2026-04-09T20:00:00+00:00,0,0,0,0
2026-04-10,78,78,True,2026-04-10T13:30:00+00:00,2026-04-10T20:00:00+00:00,0,0,0,0
2026-04-13,78,78,True,2026-04-13T13:30:00+00:00,2026-04-13T20:00:00+00:00,0,0,0,0
2026-04-14,78,78,True,2026-04-14T13:30:00+00:00,2026-04-14T20:00:00+00:00,0,0,0,0
2026-04-15,78,78,True,2026-04-15T13:30:00+00:00,2026-04-15T20:00:00+00:00,0,0,0,0
2026-04-16,78,78,True,2026-04-16T13:30:00+00:00,2026-04-16T20:00:00+00:00,0,0,0,0
2026-04-17,78,78,True,2026-04-17T13:30:00+00:00,2026-04-17T20:00:00+00:00,0,0,0,0
2026-04-20,78,78,True,2026-04-20T13:30:00+00:00,2026-04-20T20:00:00+00:00,0,0,0,0
2026-04-21,78,78,True,2026-04-21T13:30:00+00:00,2026-04-21T20:00:00+00:00,0,0,0,0
2026-04-22,78,78,True,2026-04-22T13:30:00+00:00,2026-04-22T20:00:00+00:00,0,0,0,0
2026-04-23,78,78,True,2026-04-23T13:30:00+00:00,2026-04-23T20:00:00+00:00,0,0,0,0
2026-04-24,78,78,True,2026-04-24T13:30:00+00:00,2026-04-24T20:00:00+00:00,0,0,0,0
2026-04-27,78,78,True,2026-04-27T13:30:00+00:00,2026-04-27T20:00:00+00:00,0,0,0,0
2026-04-28,78,78,True,2026-04-28T13:30:00+00:00,2026-04-28T20:00:00+00:00,0,0,0,0
2026-04-29,78,77,False,2026-04-29T13:30:00+00:00,2026-04-29T20:00:00+00:00,0,0,1,0
2026-04-30,78,78,True,2026-04-30T13:30:00+00:00,2026-04-30T20:00:00+00:00,0,0,0,0
2026-05-01,78,78,True,2026-05-01T13:30:00+00:00,2026-05-01T20:00:00+00:00,0,0,0,0
2026-05-04,78,78,True,2026-05-04T13:30:00+00:00,2026-05-04T20:00:00+00:00,0,0,0,0
2026-05-05,78,78,True,2026-05-05T13:30:00+00:00,2026-05-05T20:00:00+00:00,0,0,0,0
2026-05-06,78,78,True,2026-05-06T13:30:00+00:00,2026-05-06T20:00:00+00:00,0,0,0,0
2026-05-07,78,78,True,2026-05-07T13:30:00+00:00,2026-05-07T20:00:00+00:00,0,0,0,0
2026-05-08,78,78,True,2026-05-08T13:30:00+00:00,2026-05-08T20:00:00+00:00,0,0,0,0
2026-05-11,78,78,True,2026-05-11T13:30:00+00:00,2026-05-11T20:00:00+00:00,0,0,0,0
2026-05-12,78,77,False,2026-05-12T13:30:00+00:00,2026-05-12T20:00:00+00:00,0,0,1,0
2026-05-13,78,78,True,2026-05-13T13:30:00+00:00,2026-05-13T20:00:00+00:00,0,0,0,0
2026-05-14,78,78,True,2026-05-14T13:30:00+00:00,2026-05-14T20:00:00+00:00,0,0,0,0
2026-05-15,78,78,True,2026-05-15T13:30:00+00:00,2026-05-15T20:00:00+00:00,0,0,0,0
2026-05-18,78,78,True,2026-05-18T13:30:00+00:00,2026-05-18T20:00:00+00:00,0,0,0,0
2026-05-19,78,78,True,2026-05-19T13:30:00+00:00,2026-05-19T20:00:00+00:00,0,0,0,0
2026-05-20,78,78,True,2026-05-20T13:30:00+00:00,2026-05-20T20:00:00+00:00,0,0,0,0
2026-05-21,78,78,True,2026-05-21T13:30:00+00:00,2026-05-21T20:00:00+00:00,0,0,0,0
2026-05-22,78,78,True,2026-05-22T13:30:00+00:00,2026-05-22T20:00:00+00:00,0,0,0,0
2026-05-26,78,78,True,2026-05-26T13:30:00+00:00,2026-05-26T20:00:00+00:00,0,0,0,0
2026-05-27,78,78,True,2026-05-27T13:30:00+00:00,2026-05-27T20:00:00+00:00,0,0,0,0
2026-05-28,78,78,True,2026-05-28T13:30:00+00:00,2026-05-28T20:00:00+00:00,0,0,0,0
2026-05-29,78,78,True,2026-05-29T13:30:00+00:00,2026-05-29T20:00:00+00:00,0,0,0,0
2026-06-01,78,78,True,2026-06-01T13:30:00+00:00,2026-06-01T20:00:00+00:00,0,0,0,0
2026-06-02,78,78,True,2026-06-02T13:30:00+00:00,2026-06-02T20:00:00+00:00,0,0,0,0
2026-06-03,78,78,True,2026-06-03T13:30:00+00:00,2026-06-03T20:00:00+00:00,0,0,0,0
2026-06-04,78,78,True,2026-06-04T13:30:00+00:00,2026-06-04T20:00:00+00:00,0,0,0,0
2026-06-05,78,78,True,2026-06-05T13:30:00+00:00,2026-06-05T20:00:00+00:00,0,0,0,0
2026-06-08,78,78,True,2026-06-08T13:30:00+00:00,2026-06-08T20:00:00+00:00,0,0,0,0
2026-06-09,78,78,True,2026-06-09T13:30:00+00:00,2026-06-09T20:00:00+00:00,0,0,0,0
2026-06-10,78,78,True,2026-06-10T13:30:00+00:00,2026-06-10T20:00:00+00:00,0,0,0,0
2026-06-11,78,78,True,2026-06-11T13:30:00+00:00,2026-06-11T20:00:00+00:00,0,0,0,0
2026-06-12,78,78,True,2026-06-12T13:30:00+00:00,2026-06-12T20:00:00+00:00,0,0,0,0
2026-06-15,78,78,True,2026-06-15T13:30:00+00:00,2026-06-15T20:00:00+00:00,0,0,0,0
2026-06-16,78,78,True,2026-06-16T13:30:00+00:00,2026-06-16T20:00:00+00:00,0,0,0,0
2026-06-17,78,78,True,2026-06-17T13:30:00+00:00,2026-06-17T20:00:00+00:00,0,0,0,0
2026-06-18,78,78,True,2026-06-18T13:30:00+00:00,2026-06-18T20:00:00+00:00,0,0,0,0
2026-06-22,78,78,True,2026-06-22T13:30:00+00:00,2026-06-22T20:00:00+00:00,0,0,0,0
2026-06-23,78,78,True,2026-06-23T13:30:00+00:00,2026-06-23T20:00:00+00:00,0,0,0,0
2026-06-24,78,78,True,2026-06-24T13:30:00+00:00,2026-06-24T20:00:00+00:00,0,0,0,0
2026-06-25,78,78,True,2026-06-25T13:30:00+00:00,2026-06-25T20:00:00+00:00,0,0,0,0
2026-06-26,78,78,True,2026-06-26T13:30:00+00:00,2026-06-26T20:00:00+00:00,0,0,0,0
2026-06-29,78,78,True,2026-06-29T13:30:00+00:00,2026-06-29T20:00:00+00:00,0,0,0,0
2026-06-30,78,78,True,2026-06-30T13:30:00+00:00,2026-06-30T20:00:00+00:00,0,0,0,0
2026-07-01,78,78,True,2026-07-01T13:30:00+00:00,2026-07-01T20:00:00+00:00,0,0,0,0
2026-07-02,78,78,True,2026-07-02T13:30:00+00:00,2026-07-02T20:00:00+00:00,0,0,0,0
2026-07-06,78,78,True,2026-07-06T13:30:00+00:00,2026-07-06T20:00:00+00:00,0,0,0,0
2026-07-07,78,78,True,2026-07-07T13:30:00+00:00,2026-07-07T20:00:00+00:00,0,0,0,0
2026-07-08,78,78,True,2026-07-08T13:30:00+00:00,2026-07-08T20:00:00+00:00,0,0,0,0
2026-07-09,78,78,True,2026-07-09T13:30:00+00:00,2026-07-09T20:00:00+00:00,0,0,0,0
2026-07-10,78,78,True,2026-07-10T13:30:00+00:00,2026-07-10T20:00:00+00:00,0,0,0,0
2026-07-13,78,78,True,2026-07-13T13:30:00+00:00,2026-07-13T20:00:00+00:00,0,0,0,0
2026-07-14,78,78,True,2026-07-14T13:30:00+00:00,2026-07-14T20:00:00+00:00,0,0,0,0
2026-07-15,78,78,True,2026-07-15T13:30:00+00:00,2026-07-15T20:00:00+00:00,0,0,0,0
2026-07-16,78,78,True,2026-07-16T13:30:00+00:00,2026-07-16T20:00:00+00:00,0,0,0,0
2026-07-17,78,78,True,2026-07-17T13:30:00+00:00,2026-07-17T20:00:00+00:00,0,0,0,0
2026-07-20,78,78,True,2026-07-20T13:30:00+00:00,2026-07-20T20:00:00+00:00,0,0,0,0
2026-07-21,78,78,True,2026-07-21T13:30:00+00:00,2026-07-21T20:00:00+00:00,0,0,0,0
2026-07-22,78,78,True,2026-07-22T13:30:00+00:00,2026-07-22T20:00:00+00:00,0,0,0,0
2026-07-23,78,78,True,2026-07-23T13:30:00+00:00,2026-07-23T20:00:00+00:00,0,0,0,0
2026-07-24,78,78,True,2026-07-24T13:30:00+00:00,2026-07-24T20:00:00+00:00,0,0,0,0
2026-07-27,78,78,True,2026-07-27T13:30:00+00:00,2026-07-27T20:00:00+00:00,0,0,0,0
2026-07-28,78,78,True,2026-07-28T13:30:00+00:00,2026-07-28T20:00:00+00:00,0,0,0,0
2026-07-29,78,78,True,2026-07-29T13:30:00+00:00,2026-07-29T20:00:00+00:00,0,0,0,0
2026-07-30,78,78,True,2026-07-30T13:30:00+00:00,2026-07-30T20:00:00+00:00,0,0,0,0
2026-07-31,78,78,True,2026-07-31T13:30:00+00:00,2026-07-31T20:00:00+00:00,0,0,0,0
2026-08-03,78,78,True,2026-08-03T13:30:00+00:00,2026-08-03T20:00:00+00:00,0,0,0,0
2026-08-04,78,78,True,2026-08-04T13:30:00+00:00,2026-08-04T20:00:00+00:00,0,0,0,0
2026-08-05,78,78,True,2026-08-05T13:30:00+00:00,2026-08-05T20:00:00+00:00,0,0,0,0
2026-08-06,78,78,True,2026-08-06T13:30:00+00:00,2026-08-06T20:00:00+00:00,0,0,0,0
2026-08-07,78,78,True,2026-08-07T13:30:00+00:00,2026-08-07T20:00:00+00:00,0,0,0,0
2026-08-10,78,78,True,2026-08-10T13:30:00+00:00,2026-08-10T20:00:00+00:00,0,0,0,0
2026-08-11,78,78,True,2026-08-11T13:30:00+00:00,2026-08-11T20:00:00+00:00,0,0,0,0
2026-08-12,78,78,True,2026-08-12T13:30:00+00:00,2026-08-12T20:00:00+00:00,0,0,0,0
2026-08-13,78,78,True,2026-08-13T13:30:00+00:00,2026-08-13T20:00:00+00:00,0,0,0,0
2026-08-14,78,78,True,2026-08-14T13:30:00+00:00,2026-08-14T20:00:00+00:00,0,0,0,0
2026-08-17,78,78,True,2026-08-17T13:30:00+00:00,2026-08-17T20:00:00+00:00,0,0,0,0
2026-08-18,78,76,False,2026-08-18T13:30:00+00:00,2026-08-18T20:00:00+00:00,0,0,2,0
2026-08-19,78,78,True,2026-08-19T13:30:00+00:00,2026-08-19T20:00:00+00:00,0,0,0,0
2026-08-20,78,77,False,2026-08-20T13:30:00+00:00,2026-08-20T20:00:00+00:00,0,0,1,0
2026-08-21,78,78,True,2026-08-21T13:30:00+00:00,2026-08-21T20:00:00+00:00,0,0,0,0
2026-08-24,78,78,True,2026-08-24T13:30:00+00:00,2026-08-24T20:00:00+00:00,0,0,0,0
2026-08-25,78,78,True,2026-08-25T13:30:00+00:00,2026-08-25T20:00:00+00:00,0,0,0,0
2026-08-26,78,76,False,2026-08-26T13:30:00+00:00,2026-08-26T20:00:00+00:00,0,0,2,0
2026-08-27,78,78,True,2026-08-27T13:30:00+00:00,2026-08-27T20:00:00+00:00,0,0,0,0
2026-08-28,78,78,True,2026-08-28T13:30:00+00:00,2026-08-28T20:00:00+00:00,0,0,0,0
2026-08-31,78,78,True,2026-08-31T13:30:00+00:00,2026-08-31T20:00:00+00:00,0,0,0,0
2026-09-01,78,78,True,2026-09-01T13:30:00+00:00,2026-09-01T20:00:00+00:00,0,0,0,0
2026-09-02,78,78,True,2026-09-02T13:30:00+00:00,2026-09-02T20:00:00+00:00,0,0,0,0
2026-09-03,78,78,True,2026-09-03T13:30:00+00:00,2026-09-03T20:00:00+00:00,0,0,0,0
2026-09-04,78,78,True,2026-09-04T13:30:00+00:00,2026-09-04T20:00:00+00:00,0,0,0,0
2026-09-08,78,78,True,2026-09-08T13:30:00+00:00,2026-09-08T20:00:00+00:00,0,0,0,0
2026-09-09,78,78,True,2026-09-09T13:30:00+00:00,2026-09-09T20:00:00+00:00,0,0,0,0
2026-09-10,78,78,True,2026-09-10T13:30:00+00:00,2026-09-10T20:00:00+00:00,0,0,0,0
2026-09-11,78,78,True,2026-09-11T13:30:00+00:00,2026-09-11T20:00:00+00:00,0,0,0,0
2026-09-14,78,78,True,2026-09-14T13:30:00+00:00,2026-09-14T20:00:00+00:00,0,0,0,0
2026-09-15,78,78,True,2026-09-15T13:30:00+00:00,2026-09-15T20:00:00+00:00,0,0,0,0
2026-09-16,78,78,True,2026-09-16T13:30:00+00:00,2026-09-16T20:00:00+00:00,0,0,0,0
2026-09-17,78,78,True,2026-09-17T13:30:00+00:00,2026-09-17T20:00:00+00:00,0,0,0,0
2026-09-18,78,78,True,2026-09-18T13:30:00+00:00,2026-09-18T20:00:00+00:00,0,0,0,0
2026-09-21,78,78,True,2026-09-21T13:30:00+00:00,2026-09-21T20:00:00+00:00,0,0,0,0
2026-09-22,78,78,True,2026-09-22T13:30:00+00:00,2026-09-22T20:00:00+00:00,0,0,0,0
2026-09-23,78,78,True,2026-09-23T13:30:00+00:00,2026-09-23T20:00:00+00:00,0,0,0,0
2026-09-24,78,78,True,2026-09-24T13:30:00+00:00,2026-09-24T20:00:00+00:00,0,0,0,0
2026-09-25,78,78,True,2026-09-25T13:30:00+00:00,2026-09-25T20:00:00+00:00,0,0,0,0
