decision_time,session_id,log_loss,brier,endpoint_abs_error_ticks
2025-02-19 14:05:00+00:00,2025-02-19,1.2838200758841685,0.7873769005473648,4.697531001302277
2025-02-19 14:10:00+00:00,2025-02-19,1.023985879872658,0.6229497583401855,7.595705868460104
2025-02-19 14:15:00+00:00,2025-02-19,0.9792051738446123,0.590597156513062,9.037613135672345
2025-02-19 14:20:00+00:00,2025-02-19,0.8607575922144662,0.503634156386852,6.540318844649116
2025-02-19 14:25:00+00:00,2025-02-19,1.476739194997437,0.9150693470943918,1.7147630231216828
2025-02-19 14:30:00+00:00,2025-02-19,1.4367918878495516,0.906278325040891,0.2891493249766546
2025-02-19 14:35:00+00:00,2025-02-19,1.4630384112426416,0.9106217156286539,0.44287979900832664
2025-02-19 14:40:00+00:00,2025-02-19,1.4273968696035533,0.8683778600855323,1.0058976461575526
2025-02-19 14:45:00+00:00,2025-02-19,1.4285259653750588,0.8671711127871493,0.5643043676961556
2025-02-19 14:50:00+00:00,2025-02-19,1.4499411643366904,0.9576651014596443,8.344668885114471
2025-02-19 14:55:00+00:00,2025-02-19,1.4307632046320478,0.9471720252335486,11.602985703339911
2025-02-19 15:00:00+00:00,2025-02-19,1.407809242741827,0.9340082672449352,10.40497543091971
2025-02-19 15:05:00+00:00,2025-02-19,1.4688968897877144,0.9703877862898137,9.991085037085984
2025-02-19 15:10:00+00:00,2025-02-19,1.3166102521180711,0.8682117251333757,11.035457761931722
2025-02-19 15:15:00+00:00,2025-02-19,0.7796403698410521,0.4421344426245407,4.65658093933098
2025-02-19 15:20:00+00:00,2025-02-19,1.4671575254516411,0.8974418094468977,2.295897217048511
2025-02-19 15:25:00+00:00,2025-02-19,1.5264836170259992,0.9446895778808009,5.970509411935315
2025-02-19 15:30:00+00:00,2025-02-19,1.457427714906288,0.9800060604820986,12.09916595171796
2025-02-19 15:35:00+00:00,2025-02-19,1.7537127325631485,1.1604827069915036,14.001394939544454
2025-02-19 15:40:00+00:00,2025-02-19,1.6316099634816068,1.0977164930239918,19.46614737050905
2025-02-19 15:45:00+00:00,2025-02-19,1.1575387287299161,0.7425588360633909,23.505716781286598
2025-02-19 15:50:00+00:00,2025-02-19,1.3802990945067226,0.9141237030387703,21.89485393186364
2025-02-19 15:55:00+00:00,2025-02-19,1.0936597590495505,0.6878925319059664,18.943231163507782
2025-02-19 16:00:00+00:00,2025-02-19,0.5641219933411289,0.28127559048716744,11.526642838875691
2025-02-19 16:05:00+00:00,2025-02-19,0.8389041660674195,0.49964943919240623,16.245614427178854
2025-02-19 16:10:00+00:00,2025-02-19,1.3617331566988047,0.8904994523745278,16.869886550878828
2025-02-19 16:15:00+00:00,2025-02-19,0.800796560786193,0.46174612881155536,9.503071687177288
2025-02-19 16:20:00+00:00,2025-02-19,0.897725013394856,0.5398007115031874,9.338318059851327
2025-02-19 16:25:00+00:00,2025-02-19,1.0859016007730053,0.6835687162772922,12.124921637293884
2025-02-19 16:30:00+00:00,2025-02-19,1.5528334412219262,0.9415968489030092,7.1095596991753816
2025-02-19 16:35:00+00:00,2025-02-19,0.6594501175640864,0.3599610206390764,8.536315841713922
2025-02-19 16:40:00+00:00,2025-02-19,1.399297909101406,0.8511545131582472,1.5037358013389892
2025-02-19 16:45:00+00:00,2025-02-19,1.3992979091014062,0.8511545131582471,2.1250553404743324
2025-02-19 16:50:00+00:00,2025-02-19,1.5232468429687762,0.9449694579662875,0.057312875902121085
2025-02-19 16:55:00+00:00,2025-02-19,1.4942883599566106,0.929552383620869,1.651548364669495
2025-02-19 17:00:00+00:00,2025-02-19,0.8975197571667397,0.5343643681363179,6.25653293756177
2025-02-19 17:05:00+00:00,2025-02-19,1.0152349039193445,0.6228273257410835,4.474556714019034
2025-02-19 17:10:00+00:00,2025-02-19,1.2195086113173195,0.7857488216096447,9.638844543683827
2025-02-19 17:15:00+00:00,2025-02-19,0.854985142447889,0.5035133350802554,5.391686809153875
2025-02-19 17:20:00+00:00,2025-02-19,1.3082554438927592,0.8368824740996692,26.04246834825209
2025-02-19 17:25:00+00:00,2025-02-19,1.2748828395376592,0.8207922697568151,32.97433081098739
2025-02-19 17:30:00+00:00,2025-02-19,1.4522045555747016,0.9285486618682068,30.298693108358357
2025-02-19 17:35:00+00:00,2025-02-19,0.9747390154124551,0.5865657646028488,31.404626317250855
2025-02-19 17:40:00+00:00,2025-02-19,1.624988833364626,1.0559620419316393,36.73219045370362
2025-02-19 17:45:00+00:00,2025-02-19,1.7860193142750982,1.1767881566900409,44.65306776346973
2025-02-19 17:50:00+00:00,2025-02-19,1.5459892188154782,1.0138228803028175,40.56441437494148
2025-02-19 17:55:00+00:00,2025-02-19,1.5275048031574259,1.0036044093615697,40.289919172886975
2025-02-19 18:00:00+00:00,2025-02-19,0.8061327951080464,0.4609390343391714,38.61126202311433
2025-02-19 18:05:00+00:00,2025-02-19,0.3893705518702438,0.1560312572834136,25.24044153990494
2025-02-19 18:10:00+00:00,2025-02-19,0.4232452191150839,0.17863009474569091,23.955200864880485
2025-02-19 18:15:00+00:00,2025-02-19,0.37168549410816387,0.1446174228999339,21.116032808035463
2025-02-19 18:20:00+00:00,2025-02-19,0.42125760754749875,0.17741760906857876,8.646591901545488
2025-02-19 18:25:00+00:00,2025-02-19,0.4240392084045138,0.17916115534760438,1.5538190915250354
2025-02-19 18:30:00+00:00,2025-02-19,0.6382073116965975,0.33383879716819254,9.198393297997256
2025-02-19 18:35:00+00:00,2025-02-19,0.6382073116965977,0.33383879716819265,7.148740023777318
2025-02-19 18:40:00+00:00,2025-02-19,0.6571927947737694,0.3482416971001304,5.729048271050516
2025-02-19 18:45:00+00:00,2025-02-19,0.7797484885199405,0.4400807873506305,2.550509556254667
2025-02-19 18:50:00+00:00,2025-02-19,0.696470948340598,0.37770490932611445,4.9819805007006295
2025-02-19 18:55:00+00:00,2025-02-19,0.7175084149546243,0.3932730255933926,7.3138067464905046
2025-02-19 19:00:00+00:00,2025-02-19,1.3160824180233375,0.8063484145220157,12.087154439365062
2025-02-19 19:05:00+00:00,2025-02-19,1.0663591410234392,0.6536169950225255,4.074594282219445
2025-02-19 19:10:00+00:00,2025-02-19,0.9557924905980875,0.5888976381201841,0.48833740049092
2025-02-19 19:15:00+00:00,2025-02-19,1.2025045884524073,0.74388955998581,6.382029975333607
2025-02-19 19:20:00+00:00,2025-02-19,0.7220626080538164,0.3976917469837079,8.245372041423186
2025-02-19 19:25:00+00:00,2025-02-19,0.7649778838878921,0.430205383064471,9.760931549765463
2025-02-19 19:30:00+00:00,2025-02-19,0.65045734840512,0.3433137413214329,8.994384932447158
2025-02-19 19:35:00+00:00,2025-02-19,0.6595797925865593,0.3499719436617639,12.778801548806737
2025-02-19 19:40:00+00:00,2025-02-19,0.7007188903255291,0.3818923235256882,12.22719307726009
2025-02-19 19:45:00+00:00,2025-02-19,0.8475234993630689,0.49000416685493814,15.712156394179893
2025-02-19 19:50:00+00:00,2025-02-19,0.6933847630851109,0.3758787959561336,11.299481222098498
2025-02-19 19:55:00+00:00,2025-02-19,0.7935007724789157,0.45079309599697837,14.884394614807647
2025-02-19 20:00:00+00:00,2025-02-19,0.6751496050224983,0.3646572925135537,14.13277978884135
2025-02-20 14:05:00+00:00,2025-02-20,0.516811662935306,0.2443167547176997,8.92936927687016
2025-02-20 14:10:00+00:00,2025-02-20,0.5168116629353063,0.24431675471769987,11.358652821696234
2025-02-20 14:15:00+00:00,2025-02-20,0.6159837806038165,0.3172497844870239,14.868635334080807
2025-02-20 14:20:00+00:00,2025-02-20,0.6159837806038165,0.3172497844870239,16.2163872118641
2025-02-20 14:25:00+00:00,2025-02-20,0.5139900988739393,0.24228732919124477,9.530144616130999
2025-02-20 14:30:00+00:00,2025-02-20,0.6700668154395105,0.3578100365163094,18.354080221414257
2025-02-20 14:35:00+00:00,2025-02-20,0.6043163888542912,0.30859906412179067,15.433355142466837
2025-02-20 14:40:00+00:00,2025-02-20,0.6043163888542907,0.3085990641217905,13.166577836340089
2025-02-20 14:45:00+00:00,2025-02-20,0.5221344850643046,0.24828684485780309,4.410733260778024
2025-02-20 14:50:00+00:00,2025-02-20,1.2650627523675901,0.7878514404544905,3.5198784938688474
2025-02-20 14:55:00+00:00,2025-02-20,1.3079854683510888,0.8108687383205169,8.714145046575648
2025-02-20 15:00:00+00:00,2025-02-20,1.5047047312019233,0.9117447012762031,0.31821419817899343
2025-02-20 15:05:00+00:00,2025-02-20,0.9889209570988859,0.5918056200334783,8.07258368498028
2025-02-20 15:10:00+00:00,2025-02-20,1.2333674787844697,0.7545677342077094,17.40556006608127
2025-02-20 15:15:00+00:00,2025-02-20,0.9535881195369506,0.5694233864483407,23.57444489020492
2025-02-20 15:20:00+00:00,2025-02-20,0.9624546391002299,0.5798458102016992,21.92739123113786
2025-02-20 15:25:00+00:00,2025-02-20,0.8085480652674206,0.4616449308936449,19.04755139074035
2025-02-20 15:30:00+00:00,2025-02-20,0.9432587402071393,0.5593703177471401,32.631131810300154
2025-02-20 15:35:00+00:00,2025-02-20,0.7065620326727072,0.3852050008879946,21.756181012012398
2025-02-20 15:40:00+00:00,2025-02-20,0.4322780523068781,0.1852012315146524,15.339899949126993
2025-02-20 15:45:00+00:00,2025-02-20,0.6018920496357468,0.31037330567367294,12.0748131851746
2025-02-20 15:50:00+00:00,2025-02-20,0.6433420274648379,0.3431288633305982,6.531547608027087
2025-02-20 15:55:00+00:00,2025-02-20,0.4882237801940418,0.2281942951019595,1.235673341063812
2025-02-20 16:00:00+00:00,2025-02-20,1.793570854823823,1.1384650212695218,2.11548156102511
2025-02-20 16:05:00+00:00,2025-02-20,0.5031211944393028,0.23696612505761663,0.40656773414362757
2025-02-20 16:10:00+00:00,2025-02-20,1.4909892449190265,0.9009748555001736,3.0726854586208145
2025-02-20 16:15:00+00:00,2025-02-20,1.3261334447129451,0.8667257704850897,12.051180774139263
2025-02-20 16:20:00+00:00,2025-02-20,1.280408315305962,0.8381905563341552,9.952129540872384
2025-02-20 16:25:00+00:00,2025-02-20,0.9805118391301227,0.5969120398396695,3.954269766644102
2025-02-20 16:30:00+00:00,2025-02-20,1.4560722400271144,0.8834752660486378,2.520414397478676
2025-02-20 16:35:00+00:00,2025-02-20,1.460388412247848,0.8857905086511941,2.3403737775088387
2025-02-20 16:40:00+00:00,2025-02-20,1.4014151844919194,0.8522127419001274,1.1300971278240035
2025-02-20 16:45:00+00:00,2025-02-20,1.4939674240798844,0.9021464143572137,0.8106044753952761
2025-02-20 16:50:00+00:00,2025-02-20,1.498047796144054,0.9111419498145443,0.35448260792975506
2025-02-20 16:55:00+00:00,2025-02-20,1.5606542962816923,0.9507349658853592,2.3369077014469775
2025-02-20 17:00:00+00:00,2025-02-20,1.4036861882716731,0.8542753281701341,2.5740663020055683
2025-02-20 17:05:00+00:00,2025-02-20,1.4736930848096685,0.8989014089760762,1.5144709706598039
2025-02-20 17:10:00+00:00,2025-02-20,1.5495796362396272,0.9314903656837785,0.538927776365345
2025-02-20 17:15:00+00:00,2025-02-20,1.47074138409216,0.8926748673241104,0.1747014234304447
2025-02-20 17:20:00+00:00,2025-02-20,1.3804415973328144,0.8409878792570036,0.47592285644194887
2025-02-20 17:25:00+00:00,2025-02-20,1.5983326652742456,0.984897595341893,5.091566060365427
2025-02-20 17:30:00+00:00,2025-02-20,0.9798042260263227,0.5966851749392388,6.125895007804118
2025-02-20 17:35:00+00:00,2025-02-20,1.0916262286063596,0.7191877452709932,11.90148056682013
2025-02-20 17:40:00+00:00,2025-02-20,1.02803533200696,0.64100565769197,8.786319791682295
2025-02-20 17:45:00+00:00,2025-02-20,0.9495270832247797,0.5840189510825634,4.171180870677665
2025-02-20 17:50:00+00:00,2025-02-20,0.816596656138795,0.47543749080504355,0.7291874356292314
2025-02-20 17:55:00+00:00,2025-02-20,0.7859523132476546,0.45229388977405327,0.4578469566375105
2025-02-20 18:00:00+00:00,2025-02-20,1.533547443591355,0.9372938547657756,3.9679089139725283
2025-02-20 18:05:00+00:00,2025-02-20,1.8323546118446306,1.1143882590940501,3.3252254129788694
2025-02-20 18:10:00+00:00,2025-02-20,1.6932467447129798,1.0030124605189825,0.20956098108838414
2025-02-20 18:15:00+00:00,2025-02-20,1.078225390168384,0.6841107753827314,9.621434711317676
2025-02-20 18:20:00+00:00,2025-02-20,1.6756208714163783,0.9960597557740176,2.650267882311675
2025-02-20 18:25:00+00:00,2025-02-20,0.7705027248708605,0.4453278173891885,5.571033760395135
2025-02-20 18:30:00+00:00,2025-02-20,1.1597597091052492,0.7226112466701825,11.561540456399817
2025-02-20 18:35:00+00:00,2025-02-20,1.044656713129651,0.6467481215536193,16.777989231693585
2025-02-20 18:40:00+00:00,2025-02-20,1.048806087909837,0.6487063493003574,15.82144689540409
2025-02-20 18:45:00+00:00,2025-02-20,1.055617088992346,0.6519682852326539,13.302883931930975
2025-02-20 18:50:00+00:00,2025-02-20,1.0223617041219168,0.625815881027386,9.410183939237953
2025-02-20 18:55:00+00:00,2025-02-20,0.8623848835903333,0.5181990493115662,7.64787977024811
2025-02-20 19:00:00+00:00,2025-02-20,0.6056870812860612,0.3185819409301178,6.846702098594008
2025-02-20 19:05:00+00:00,2025-02-20,1.0736761044535417,0.6764072658599234,10.136649266145366
2025-02-20 19:10:00+00:00,2025-02-20,1.0980966775206213,0.6972363381090518,16.446512747214797
2025-02-20 19:15:00+00:00,2025-02-20,1.2810824478954093,0.8325812227862073,15.991758618550051
2025-02-20 19:20:00+00:00,2025-02-20,1.7182881517350606,1.1326195268980315,21.383617991497317
2025-02-20 19:25:00+00:00,2025-02-20,1.08450854800649,0.6864867123604288,13.42804258030717
2025-02-20 19:30:00+00:00,2025-02-20,0.8597174955252866,0.49897560065300484,9.198561160167179
2025-02-20 19:35:00+00:00,2025-02-20,1.236569864433689,0.768570503694296,11.656897123831033
2025-02-20 19:40:00+00:00,2025-02-20,1.0765185951798946,0.6653891549923121,12.818510652183654
2025-02-20 19:45:00+00:00,2025-02-20,1.0970613274296794,0.6736565529094183,12.144078800513164
2025-02-20 19:50:00+00:00,2025-02-20,1.2185284377678522,0.7536588385731537,17.397783113411236
2025-02-20 19:55:00+00:00,2025-02-20,0.7977236694145197,0.4546710101842837,13.103832200881538
2025-02-20 20:00:00+00:00,2025-02-20,0.7869971417369941,0.44530675435649,12.810225226107965
2025-02-21 14:05:00+00:00,2025-02-21,0.679047656438679,0.36702287692484037,3.3658005132788347
2025-02-21 14:10:00+00:00,2025-02-21,0.5289412064662291,0.2537642581737427,2.9869068248536967
2025-02-21 14:15:00+00:00,2025-02-21,1.599707517698705,1.0207423941383793,3.6392465304228034
2025-02-21 14:20:00+00:00,2025-02-21,1.5543210052988183,0.9902850459316976,4.4062818125932
2025-02-21 14:25:00+00:00,2025-02-21,0.8785414234984859,0.5216038309742714,4.689335721324995
2025-02-21 14:30:00+00:00,2025-02-21,0.780962135518037,0.44874341181924543,20.912581039433455
2025-02-21 14:35:00+00:00,2025-02-21,0.547093428518249,0.2673718384923731,7.8511083472994665
2025-02-21 14:40:00+00:00,2025-02-21,0.5700600337776757,0.2838196898141519,2.832710008934125
2025-02-21 14:45:00+00:00,2025-02-21,0.9834306311723124,0.5979821604190307,6.182571764054987
2025-02-21 14:50:00+00:00,2025-02-21,1.3713851070609961,0.8879493956791853,9.208243151164103
2025-02-21 14:55:00+00:00,2025-02-21,1.4982280844435123,0.9563018761144981,7.088348994204741
2025-02-21 15:00:00+00:00,2025-02-21,1.612835509951655,1.0265598333149208,4.704692954343205
2025-02-21 15:05:00+00:00,2025-02-21,1.8061972469562217,1.1723855598508988,7.169497741920049
2025-02-21 15:10:00+00:00,2025-02-21,1.7874214633811478,1.1613206208469193,8.466991708834868
2025-02-21 15:15:00+00:00,2025-02-21,1.8196511574250822,1.1964905088690851,5.946751329380758
2025-02-21 15:20:00+00:00,2025-02-21,0.39292525221609204,0.15845160631168526,4.4401267589570175
2025-02-21 15:25:00+00:00,2025-02-21,0.36359354932987575,0.13937964276762588,3.3961015029583272
2025-02-21 15:30:00+00:00,2025-02-21,0.21192297541651706,0.05471147229905289,18.46417128045006
2025-02-21 15:35:00+00:00,2025-02-21,0.22411114191505072,0.06046557185981324,4.910915280641902
2025-02-21 15:40:00+00:00,2025-02-21,0.2331479256681979,0.06492270381658816,6.499740912338673
2025-02-21 15:45:00+00:00,2025-02-21,0.25205765927587565,0.07476689790877167,5.221529525043415
2025-02-21 15:50:00+00:00,2025-02-21,0.25205765927587565,0.07476689790877167,3.2453524772467333
2025-02-21 15:55:00+00:00,2025-02-21,0.25205765927587576,0.07476689790877172,2.2001588700306165
2025-02-21 16:00:00+00:00,2025-02-21,0.3228051223056791,0.11470041137868497,2.9709639425692735
2025-02-21 16:05:00+00:00,2025-02-21,0.3489280322104086,0.13180093944753193,1.442896231751881
2025-02-21 16:10:00+00:00,2025-02-21,0.3439683743464758,0.1284612793034523,1.6129805424813881
2025-02-21 16:15:00+00:00,2025-02-21,0.31814854975806345,0.11215230147851347,5.3345076624554295
2025-02-21 16:20:00+00:00,2025-02-21,0.30150312603002494,0.10223728834182275,5.777504265339754
2025-02-21 16:25:00+00:00,2025-02-21,0.30150312603002466,0.10223728834182264,6.065919641729671
2025-02-21 16:30:00+00:00,2025-02-21,0.46053115616933044,0.21301452856788927,3.6743483252369984
2025-02-21 16:35:00+00:00,2025-02-21,0.33550661897657813,0.12190214526357794,1.063863883209791
2025-02-21 16:40:00+00:00,2025-02-21,0.38435335511657925,0.15280110016879286,0.24687105407034426
2025-02-21 16:45:00+00:00,2025-02-21,0.3355066189765783,0.12190214526357801,0.09100941661299267
2025-02-21 16:50:00+00:00,2025-02-21,0.3424865370714526,0.1261931479750856,0.1817183583143116
2025-02-21 16:55:00+00:00,2025-02-21,0.4008690666972915,0.16366871754387594,2.5704268298279302
2025-02-21 17:00:00+00:00,2025-02-21,0.39272709806231665,0.15826513567324896,2.5562846037658105
2025-02-21 17:05:00+00:00,2025-02-21,0.44829296903730276,0.19580235525083411,1.1402047989229418
2025-02-21 17:10:00+00:00,2025-02-21,0.38602635799210794,0.15463477170322348,7.646138838554181
2025-02-21 17:15:00+00:00,2025-02-21,0.38602635799210777,0.1546347717032234,11.447248332812618
2025-02-21 17:20:00+00:00,2025-02-21,0.3917267329665391,0.15838865347726266,13.50857543452074
2025-02-21 17:25:00+00:00,2025-02-21,0.4276336540543303,0.1824093382415845,14.64418294822687
2025-02-21 17:30:00+00:00,2025-02-21,0.5031261233841273,0.23550757669650846,18.37605293064388
2025-02-21 17:35:00+00:00,2025-02-21,0.4148849222637004,0.1730392167353118,24.459023397286668
2025-02-21 17:40:00+00:00,2025-02-21,0.46630089049566936,0.20834292501316476,25.169109371650073
2025-02-21 17:45:00+00:00,2025-02-21,0.5524650019375443,0.271228395756765,28.134640468872743
2025-02-21 17:50:00+00:00,2025-02-21,0.4205139094380146,0.17683360183298494,32.8542262573074
2025-02-21 17:55:00+00:00,2025-02-21,0.40834043831045,0.1685868866474316,28.62443606326582
2025-02-21 18:00:00+00:00,2025-02-21,0.44134197220291405,0.191028595469777,31.91884419544141
2025-02-21 18:05:00+00:00,2025-02-21,0.29658160258763017,0.09880077156275102,27.889776301450514
2025-02-21 18:10:00+00:00,2025-02-21,0.2952912942789546,0.0980624288819675,27.699202506290348
2025-02-21 18:15:00+00:00,2025-02-21,0.3313855358413672,0.11959523366128717,25.041708944289823
2025-02-21 18:20:00+00:00,2025-02-21,0.3023439246186219,0.10232857095082241,27.48638686513668
2025-02-21 18:25:00+00:00,2025-02-21,0.3023439246186222,0.10232857095082254,26.27695356503495
2025-02-21 18:30:00+00:00,2025-02-21,0.382830807236282,0.15207053640779655,22.644718837347448
2025-02-21 18:35:00+00:00,2025-02-21,0.4048326346597015,0.16633828762057812,18.21781799822798
2025-02-21 18:40:00+00:00,2025-02-21,0.4048326346597013,0.16633828762057806,17.09960258768146
2025-02-21 18:45:00+00:00,2025-02-21,0.4048326346597015,0.16633828762057812,20.93409777768029
2025-02-21 18:50:00+00:00,2025-02-21,0.35577276851579326,0.135078128781925,13.476127646215748
2025-02-21 18:55:00+00:00,2025-02-21,0.3671689325931816,0.1423376251999029,15.168726676571232
2025-02-21 19:00:00+00:00,2025-02-21,0.39547111692060727,0.16025385066206305,13.593781104059532
2025-02-21 19:05:00+00:00,2025-02-21,0.4172857375738072,0.17502027764636816,10.385314897166095
2025-02-21 19:10:00+00:00,2025-02-21,0.41031521342920196,0.17001153408292202,3.9860281089190828
2025-02-21 19:15:00+00:00,2025-02-21,0.41031521342920196,0.17001153408292202,2.557056877377036
2025-02-21 19:20:00+00:00,2025-02-21,1.8554637482209086,1.186784564801783,6.321625716289375
2025-02-21 19:25:00+00:00,2025-02-21,1.8321353107711493,1.1764224772997223,7.325319994248609
2025-02-21 19:30:00+00:00,2025-02-21,1.7769925534846058,1.1603432480915135,10.097213430368004
2025-02-21 19:35:00+00:00,2025-02-21,1.7428702129889906,1.1372334369038806,7.901964995406885
2025-02-21 19:40:00+00:00,2025-02-21,1.1908549341498638,0.7399524762030858,7.083396471954131
2025-02-21 19:45:00+00:00,2025-02-21,1.686074080581402,1.0588990928664943,19.222595515848568
2025-02-21 19:50:00+00:00,2025-02-21,1.7973498290328411,1.066607756306949,22.416861406451634
2025-02-21 19:55:00+00:00,2025-02-21,1.3275973448792069,0.8144309840666537,22.258297515977485
2025-02-21 20:00:00+00:00,2025-02-21,1.678322968127304,1.0518633963336386,24.927054496868372
2025-02-24 14:05:00+00:00,2025-02-24,1.510467727448427,0.9140538812764772,2.819895742866049
2025-02-24 14:10:00+00:00,2025-02-24,1.5000836979105574,0.9101044099623795,1.4873429428184717
2025-02-24 14:15:00+00:00,2025-02-24,1.037943404368897,0.6358783361884124,5.849909597091714
2025-02-24 14:20:00+00:00,2025-02-24,0.7109773791252973,0.393335773880402,4.025392761487918
2025-02-24 14:25:00+00:00,2025-02-24,1.5850623537688215,0.9650052884332396,1.431122807070385
2025-02-24 14:30:00+00:00,2025-02-24,1.6274069188597808,0.9810567726725797,5.524748757020365
2025-02-24 14:35:00+00:00,2025-02-24,1.1811346635558888,0.7545349383420035,9.70069569934443
2025-02-24 14:40:00+00:00,2025-02-24,1.6139712113905746,0.977260323218446,5.755742113590563
2025-02-24 14:45:00+00:00,2025-02-24,1.5017760666810067,0.9087202346620041,1.0487560200756119
2025-02-24 14:50:00+00:00,2025-02-24,0.7256577846815486,0.4068081222138057,2.5703251539686436
2025-02-24 14:55:00+00:00,2025-02-24,0.7267684940236282,0.40748918437811277,5.6151010414691545
2025-02-24 15:00:00+00:00,2025-02-24,0.7135066314845196,0.39620214946991744,3.4690907598003564
2025-02-24 15:05:00+00:00,2025-02-24,0.638546570979865,0.3423366845036302,6.861364839471905
2025-02-24 15:10:00+00:00,2025-02-24,0.9779567977785076,0.6103864466154254,13.799159190186286
2025-02-24 15:15:00+00:00,2025-02-24,1.547577000200059,1.0350787368614351,18.09307542977362
2025-02-24 15:20:00+00:00,2025-02-24,1.0680536688557405,0.6657861150684905,16.164525537220953
2025-02-24 15:25:00+00:00,2025-02-24,1.339039602163548,0.8610125257474213,18.818718511775828
2025-02-24 15:30:00+00:00,2025-02-24,0.9052327754059502,0.5510091038795134,18.76860209263353
2025-02-24 15:35:00+00:00,2025-02-24,0.5124265392585747,0.24131668396209957,13.06178224957998
2025-02-24 15:40:00+00:00,2025-02-24,0.4924434619615405,0.22805883296006307,12.040888485487876
2025-02-24 15:45:00+00:00,2025-02-24,0.8937511839619143,0.5314475112216434,12.351690685192922
2025-02-24 15:50:00+00:00,2025-02-24,0.5186515498991816,0.24829433311298788,9.664642774813695
2025-02-24 15:55:00+00:00,2025-02-24,0.4860099023295149,0.22297721692131617,8.202519803598827
2025-02-24 16:00:00+00:00,2025-02-24,0.5014083107521868,0.23507173664087244,10.631844150896445
2025-02-24 16:05:00+00:00,2025-02-24,1.0647578227900873,0.6507940708543405,14.744864853962783
2025-02-24 16:10:00+00:00,2025-02-24,1.1430394266959318,0.7201840815099771,14.137149176131857
2025-02-24 16:15:00+00:00,2025-02-24,0.5844884540514349,0.2982365753850664,7.915252770236685
2025-02-24 16:20:00+00:00,2025-02-24,0.5209436842244549,0.24788629046390545,4.548129575498232
2025-02-24 16:25:00+00:00,2025-02-24,0.47027511159841656,0.2131151602220006,10.07082334517603
2025-02-24 16:30:00+00:00,2025-02-24,0.5596196175411254,0.27804581325096855,9.940318513834447
2025-02-24 16:35:00+00:00,2025-02-24,0.9265685000656699,0.5738631654515758,13.196322276729449
2025-02-24 16:40:00+00:00,2025-02-24,0.6483423674966989,0.34561605432554343,9.037500340772846
2025-02-24 16:45:00+00:00,2025-02-24,0.45559720520887914,0.20524665134648126,13.160981217951196
2025-02-24 16:50:00+00:00,2025-02-24,0.7280860965200987,0.41629925842226506,8.200838797115258
2025-02-24 16:55:00+00:00,2025-02-24,0.8687553425924593,0.5162780035917465,5.313364381643436
2025-02-24 17:00:00+00:00,2025-02-24,1.6008701939871748,0.9746704103034671,0.5976385284150831
2025-02-24 17:05:00+00:00,2025-02-24,1.561302352651589,0.9367078900285264,0.3027293866022085
2025-02-24 17:10:00+00:00,2025-02-24,1.5165547760655018,0.9161807054761213,0.9597670059740003
2025-02-24 17:15:00+00:00,2025-02-24,1.5654227494219808,0.9679897157751567,0.711765169241521
2025-02-24 17:20:00+00:00,2025-02-24,0.6360875696109262,0.33426586851472895,3.4641356214930985
2025-02-24 17:25:00+00:00,2025-02-24,1.3967673073315716,0.8517706698887775,4.542495066733114
2025-02-24 17:30:00+00:00,2025-02-24,1.5564085684496949,0.9372391923985011,0.21808256668514625
2025-02-24 17:35:00+00:00,2025-02-24,0.61378659750775,0.32173789314673157,0.8022610531620513
2025-02-24 17:40:00+00:00,2025-02-24,1.6670220352553111,0.987600795115642,1.460959814810281
2025-02-24 17:45:00+00:00,2025-02-24,0.7965800768150091,0.4571369782695618,3.7971643004086113
2025-02-24 17:50:00+00:00,2025-02-24,1.5615697049657626,0.9419085979019632,4.052914837591046
2025-02-24 17:55:00+00:00,2025-02-24,1.274104798593086,0.8027443345062907,6.839718010075376
2025-02-24 18:00:00+00:00,2025-02-24,1.6793228874758312,1.00742548827467,0.7418578558203484
2025-02-24 18:05:00+00:00,2025-02-24,1.3821208925894481,0.8589307207395633,3.8933314887477932
2025-02-24 18:10:00+00:00,2025-02-24,1.4755708138828696,0.8924895143301836,1.1750585038877426
2025-02-24 18:15:00+00:00,2025-02-24,1.4249724139608761,0.9251353170602674,3.898767772146403
2025-02-24 18:20:00+00:00,2025-02-24,1.4167001719511094,0.917955538261243,3.1754363614732757
2025-02-24 18:25:00+00:00,2025-02-24,0.6207318068363897,0.3208012887061563,1.17642731109248
2025-02-24 18:30:00+00:00,2025-02-24,1.7697742386064172,1.1939663981676891,11.943732149040867
2025-02-24 18:35:00+00:00,2025-02-24,1.459484243845684,0.920466388915572,8.854000943673144
2025-02-24 18:40:00+00:00,2025-02-24,1.29858711359211,0.8305500741528586,7.811800272154988
2025-02-24 18:45:00+00:00,2025-02-24,1.2492745145192319,0.80485086940698,11.890613346195853
2025-02-24 18:50:00+00:00,2025-02-24,1.2361525742930672,0.785091625030482,7.162187707825883
2025-02-24 18:55:00+00:00,2025-02-24,1.5861167043293076,1.0128777617704703,6.470492868286243
2025-02-24 19:00:00+00:00,2025-02-24,1.462595253756498,0.8921661917680725,3.3736994635273514
2025-02-24 19:05:00+00:00,2025-02-24,1.4743702676698425,0.9068118023186744,2.085075155148583
2025-02-24 19:10:00+00:00,2025-02-24,1.8102655493088353,1.1116584391574622,3.5011743310054912
2025-02-24 19:15:00+00:00,2025-02-24,1.8027643466417467,1.0558050390227418,1.7886813122590652
2025-02-24 19:20:00+00:00,2025-02-24,1.7025861936571585,1.026795286505604,4.753113686698359
2025-02-24 19:25:00+00:00,2025-02-24,1.819694614192013,1.108984672946662,3.7146909904788386
2025-02-24 19:30:00+00:00,2025-02-24,1.4629624013418605,0.9061514501627977,1.6654557168178687
2025-02-24 19:35:00+00:00,2025-02-24,0.6752832503622658,0.3636448919257038,0.8794404012754828
2025-02-24 19:40:00+00:00,2025-02-24,0.7766989383129596,0.4412565873780361,4.024737556146135
2025-02-24 19:45:00+00:00,2025-02-24,0.8115589298839831,0.4657468774272906,0.6503794258582438
2025-02-24 19:50:00+00:00,2025-02-24,0.772964707392549,0.4353562623192934,2.5568137137141136
2025-02-24 19:55:00+00:00,2025-02-24,1.2573706952199555,0.7939408164248505,8.716729615492525
2025-02-24 20:00:00+00:00,2025-02-24,1.6004670321591221,0.9993227198542542,5.084533010136249
2025-02-25 14:05:00+00:00,2025-02-25,0.9052352227826388,0.5380254259659021,5.341440119161778
2025-02-25 14:10:00+00:00,2025-02-25,1.017153518085071,0.6190499094155454,8.336811276007747
2025-02-25 14:15:00+00:00,2025-02-25,1.371070593696572,0.836501947737134,1.2678512571353409
2025-02-25 14:20:00+00:00,2025-02-25,1.4193432096105085,0.8627221515345045,1.7893742980643164
2025-02-25 14:25:00+00:00,2025-02-25,1.353823976946042,0.8253291539160224,3.424650989347843
2025-02-25 14:30:00+00:00,2025-02-25,0.9617247688488234,0.5781673919252679,13.329828408315356
2025-02-25 14:35:00+00:00,2025-02-25,1.3591004906258295,0.8285120690056059,2.3711724168815125
2025-02-25 14:40:00+00:00,2025-02-25,1.4592794313279351,0.9055535941519903,0.9658619082929052
2025-02-25 14:45:00+00:00,2025-02-25,1.0265027718020634,0.6347530011121858,14.747147987883118
2025-02-25 14:50:00+00:00,2025-02-25,0.9988882809222139,0.6061732162488672,14.839976644497995
2025-02-25 14:55:00+00:00,2025-02-25,0.9988882809222139,0.6061732162488671,25.693058186040517
2025-02-25 15:00:00+00:00,2025-02-25,0.5583000767258792,0.2752986876320357,21.76563685780677
2025-02-25 15:05:00+00:00,2025-02-25,1.1372677900702848,0.7090900355215819,31.516921968168642
2025-02-25 15:10:00+00:00,2025-02-25,0.881516013204577,0.5236816954024812,26.708978388164283
2025-02-25 15:15:00+00:00,2025-02-25,0.8802455705034115,0.5229495617755909,30.864255231695665
2025-02-25 15:20:00+00:00,2025-02-25,1.1859481003140167,0.7396728275534225,33.20667195128503
2025-02-25 15:25:00+00:00,2025-02-25,1.4694649756835456,0.9539406356831943,36.37583812135648
2025-02-25 15:30:00+00:00,2025-02-25,0.7782474793550478,0.45002861557410223,41.808556031077245
2025-02-25 15:35:00+00:00,2025-02-25,0.27521187692659965,0.08866461884955393,17.796492772221065
2025-02-25 15:40:00+00:00,2025-02-25,0.34551944837533966,0.13066202486823872,15.450650916094133
2025-02-25 15:45:00+00:00,2025-02-25,0.33999219560527794,0.12750010271645024,5.334165966862546
2025-02-25 15:50:00+00:00,2025-02-25,0.33999219560527794,0.12750010271645024,3.3627998416849465
2025-02-25 15:55:00+00:00,2025-02-25,0.5401034136921303,0.26520459600110224,0.43158180571825255
2025-02-25 16:00:00+00:00,2025-02-25,0.4519340161956744,0.2004856628719392,0.4442996450286394
2025-02-25 16:05:00+00:00,2025-02-25,0.7365393791327552,0.41671546925079933,4.646766240645915
2025-02-25 16:10:00+00:00,2025-02-25,0.5968961953352123,0.3131669565232994,2.0981613690901604
2025-02-25 16:15:00+00:00,2025-02-25,0.7089979340891026,0.3959123751082511,2.991815743797508
2025-02-25 16:20:00+00:00,2025-02-25,0.949849819985103,0.5659209592493666,7.2022433885529615
2025-02-25 16:25:00+00:00,2025-02-25,1.16132340782543,0.7455374592322447,0.07813045423027809
2025-02-25 16:30:00+00:00,2025-02-25,1.1473242218211674,0.7101116286925944,18.12125230205357
2025-02-25 16:35:00+00:00,2025-02-25,1.0616614245282392,0.6566191086345337,15.450785570727493
2025-02-25 16:40:00+00:00,2025-02-25,1.0938257671279168,0.6859176315004825,13.095218108243468
2025-02-25 16:45:00+00:00,2025-02-25,1.0462946411454526,0.6459099544601486,18.47006900346867
2025-02-25 16:50:00+00:00,2025-02-25,1.0390828635228588,0.6399652099552293,20.741781269011838
2025-02-25 16:55:00+00:00,2025-02-25,0.8044564558782935,0.4686176621673485,19.145810099706726
2025-02-25 17:00:00+00:00,2025-02-25,0.8106604521733038,0.4739952238992361,23.748556611262977
2025-02-25 17:05:00+00:00,2025-02-25,0.7038961188226854,0.39527609832945343,16.867206211233057
2025-02-25 17:10:00+00:00,2025-02-25,0.6665835654910476,0.3633462933492423,13.719078801289438
2025-02-25 17:15:00+00:00,2025-02-25,0.6579532144866843,0.3559373832676229,9.653770448303018
2025-02-25 17:20:00+00:00,2025-02-25,1.3647459262656951,0.8774929310124353,20.881326941259218
2025-02-25 17:25:00+00:00,2025-02-25,0.6968180309810681,0.38770774820953036,12.215569700779792
2025-02-25 17:30:00+00:00,2025-02-25,0.8457633197346262,0.5023042328651601,14.524722336203128
2025-02-25 17:35:00+00:00,2025-02-25,0.9367523238231323,0.5671449149912193,12.087865282996278
2025-02-25 17:40:00+00:00,2025-02-25,0.9631961750354386,0.5916585334588809,10.406441449079962
2025-02-25 17:45:00+00:00,2025-02-25,1.0315139203516084,0.6355972701726191,8.47601793125768
2025-02-25 17:50:00+00:00,2025-02-25,1.403069383607345,0.853236958774207,0.6848801107686879
2025-02-25 17:55:00+00:00,2025-02-25,0.7602014816755407,0.43485916979157035,9.773501506869069
2025-02-25 18:00:00+00:00,2025-02-25,0.8426103537514393,0.4962776282790468,22.930766398098683
2025-02-25 18:05:00+00:00,2025-02-25,0.34397872299913373,0.12728058085354102,20.38138129327441
2025-02-25 18:10:00+00:00,2025-02-25,0.3567087105390765,0.13505011501529077,16.785080462350194
2025-02-25 18:15:00+00:00,2025-02-25,0.35237707829255577,0.13230555468885286,15.509076199367074
2025-02-25 18:20:00+00:00,2025-02-25,0.49293713189942884,0.22789757461360738,21.436041446366488
2025-02-25 18:25:00+00:00,2025-02-25,0.36729043940167083,0.14219132111182667,11.343121112231024
2025-02-25 18:30:00+00:00,2025-02-25,0.6755325695710973,0.37353613016150444,18.63338694065768
2025-02-25 18:35:00+00:00,2025-02-25,0.5874116372549217,0.29908110260454696,17.189563204008028
2025-02-25 18:40:00+00:00,2025-02-25,0.597165824414945,0.305013386509176,20.882749514411252
2025-02-25 18:45:00+00:00,2025-02-25,0.5784966591553027,0.29099971982999473,22.763787226856195
2025-02-25 18:50:00+00:00,2025-02-25,0.5412331568934834,0.2622982011068834,19.69093864532056
2025-02-25 18:55:00+00:00,2025-02-25,0.36121871239943115,0.13787156478767315,3.7696757999163264
2025-02-25 19:00:00+00:00,2025-02-25,0.4193383173135938,0.17606732768500355,0.4144824547456345
2025-02-25 19:05:00+00:00,2025-02-25,0.3963596263549786,0.16064195000984507,0.09478910754405767
2025-02-25 19:10:00+00:00,2025-02-25,0.4147684875898906,0.17293635682563108,4.72874220689674
2025-02-25 19:15:00+00:00,2025-02-25,0.7191843298693438,0.39796732472838936,1.3378875923710458
2025-02-25 19:20:00+00:00,2025-02-25,1.8147407925407528,1.1589169175824525,7.003342804993617
2025-02-25 19:25:00+00:00,2025-02-25,0.5176962863799578,0.2457458709883365,0.8805367428146909
2025-02-25 19:30:00+00:00,2025-02-25,1.5595188117944627,0.9722608045366231,5.3617984985024085
2025-02-25 19:35:00+00:00,2025-02-25,1.528696459570604,0.9822499295863797,8.517548979676222
2025-02-25 19:40:00+00:00,2025-02-25,1.5026429004429442,0.9727652710477153,10.13095869825252
2025-02-25 19:45:00+00:00,2025-02-25,1.3785696204412499,0.8410345028900812,2.113193166137762
2025-02-25 19:50:00+00:00,2025-02-25,1.5753748675635475,1.0039877933064738,6.99864122299638
2025-02-25 19:55:00+00:00,2025-02-25,0.5758895604241729,0.28765191506906496,0.10013241967113284
2025-02-25 20:00:00+00:00,2025-02-25,0.6007420837688248,0.30590785595973263,5.102621200915282
2025-02-26 14:05:00+00:00,2025-02-26,0.9630831792691099,0.5894275881211624,11.54523655562716
2025-02-26 14:10:00+00:00,2025-02-26,0.757909170563677,0.42774294931188633,7.306860502739201
2025-02-26 14:15:00+00:00,2025-02-26,0.7996599696332659,0.4565513230641368,9.816469210570709
2025-02-26 14:20:00+00:00,2025-02-26,0.7197185937099622,0.396614358453636,5.713285334440519
2025-02-26 14:25:00+00:00,2025-02-26,0.6000204085952497,0.30570010561427907,1.8025179927110813
2025-02-26 14:30:00+00:00,2025-02-26,0.5845241412044362,0.29388316470126175,10.866315024360434
2025-02-26 14:35:00+00:00,2025-02-26,0.6555906835856878,0.3468508859126964,1.752893546142544
2025-02-26 14:40:00+00:00,2025-02-26,0.5728095352793892,0.2852264822203382,0.9254123581082538
2025-02-26 14:45:00+00:00,2025-02-26,0.5989657841693892,0.30459459422260515,8.573507043342413
2025-02-26 14:50:00+00:00,2025-02-26,0.5999283763388026,0.30530580893272524,6.7967810149384
2025-02-26 14:55:00+00:00,2025-02-26,0.5619038244585091,0.2773972755533814,2.129718786384082
2025-02-26 15:00:00+00:00,2025-02-26,0.5815913071293919,0.29199440362071677,3.900843483376862
2025-02-26 15:05:00+00:00,2025-02-26,0.5428896939905683,0.2635822626197861,2.773596431297496
2025-02-26 15:10:00+00:00,2025-02-26,0.8280338363116135,0.48847507291845244,3.154705069328457
2025-02-26 15:15:00+00:00,2025-02-26,0.8382469263435953,0.49418227144873683,6.2823357363915076
2025-02-26 15:20:00+00:00,2025-02-26,0.5244702601966719,0.2508430645547066,5.472742956115358
2025-02-26 15:25:00+00:00,2025-02-26,0.7965738932514016,0.4552613781087768,5.864942029249963
2025-02-26 15:30:00+00:00,2025-02-26,0.7804847809270773,0.4519829009561931,4.901805429203782
2025-02-26 15:35:00+00:00,2025-02-26,1.6637739064597634,1.1294016340500945,14.337260440510049
2025-02-26 15:40:00+00:00,2025-02-26,2.1580000334457194,1.337974976438488,21.51786911918708
2025-02-26 15:45:00+00:00,2025-02-26,1.401754840711269,0.9459152085746028,8.718275422551683
2025-02-26 15:50:00+00:00,2025-02-26,1.573900169226581,1.0461349426882376,15.900983235617769
2025-02-26 15:55:00+00:00,2025-02-26,1.651510156107016,1.1212202269160085,16.138455696560683
2025-02-26 16:00:00+00:00,2025-02-26,1.6738353295350141,1.1164819049863979,10.983994179822256
2025-02-26 16:05:00+00:00,2025-02-26,1.8817735976647791,1.2345305200655472,15.181380936019128
2025-02-26 16:10:00+00:00,2025-02-26,1.7819963891375736,1.1539766272400738,12.959484207166664
2025-02-26 16:15:00+00:00,2025-02-26,1.601393775176163,0.9903110721043014,1.589407322438504
2025-02-26 16:20:00+00:00,2025-02-26,1.734097557685375,1.136132675668263,9.298087617264741
2025-02-26 16:25:00+00:00,2025-02-26,1.4708809856544698,0.8925008979248461,3.503932640309441
2025-02-26 16:30:00+00:00,2025-02-26,1.6343586710686715,1.0454283755839688,12.513727876804388
2025-02-26 16:35:00+00:00,2025-02-26,1.564609435914662,1.0180950206733954,12.87734025519256
2025-02-26 16:40:00+00:00,2025-02-26,1.7935468954660954,1.1014285265218733,0.2630981505604568
2025-02-26 16:45:00+00:00,2025-02-26,1.6933915597510139,1.0511966498554295,4.583353397803709
2025-02-26 16:50:00+00:00,2025-02-26,0.7499475923735105,0.4237704000627928,6.070999869259798
2025-02-26 16:55:00+00:00,2025-02-26,1.4547550302759116,0.8831367722606673,7.19129657357212
2025-02-26 17:00:00+00:00,2025-02-26,0.7805871363559749,0.4558993085843921,6.815721733240483
2025-02-26 17:05:00+00:00,2025-02-26,0.7887297608943443,0.4631576016505098,10.896735531110224
2025-02-26 17:10:00+00:00,2025-02-26,0.795204046973115,0.4666057418461062,7.988546454996506
2025-02-26 17:15:00+00:00,2025-02-26,1.5263947184429671,0.9206378302698105,5.112488432133083
2025-02-26 17:20:00+00:00,2025-02-26,0.8236040495297703,0.48882851868757926,5.735570163813947
2025-02-26 17:25:00+00:00,2025-02-26,1.2564800786655441,0.8235793807633023,13.548541265425342
2025-02-26 17:30:00+00:00,2025-02-26,0.9806208670789147,0.6049176697601082,9.80092594913696
2025-02-26 17:35:00+00:00,2025-02-26,0.9960916862705402,0.6168261530617574,18.946324872841398
2025-02-26 17:40:00+00:00,2025-02-26,0.5835585513292015,0.29795923417187953,9.8541929541161
2025-02-26 17:45:00+00:00,2025-02-26,0.5462710401072506,0.27017867852698374,16.273475867644287
2025-02-26 17:50:00+00:00,2025-02-26,0.6994771289788226,0.3849912342611628,18.33726819667283
2025-02-26 17:55:00+00:00,2025-02-26,1.0713387647516872,0.6703022632782172,25.093843801728806
2025-02-26 18:00:00+00:00,2025-02-26,0.5477210747890809,0.272263730856611,14.520328375635401
2025-02-26 18:05:00+00:00,2025-02-26,1.097532120872591,0.6877556005108014,16.04218541804176
2025-02-26 18:10:00+00:00,2025-02-26,0.5778206159550692,0.29093526547779275,10.078373410030835
2025-02-26 18:15:00+00:00,2025-02-26,1.5189744403084404,0.995092179663243,21.629575916612623
2025-02-26 18:20:00+00:00,2025-02-26,0.8738355781900718,0.5226636571562272,17.51732843557257
2025-02-26 18:25:00+00:00,2025-02-26,1.0018016789470936,0.6211738777783464,21.07948499172714
2025-02-26 18:30:00+00:00,2025-02-26,0.9787938949862733,0.5937125587724308,18.83804075980895
2025-02-26 18:35:00+00:00,2025-02-26,1.511434153234224,0.9391222899062573,0.26379797877249045
2025-02-26 18:40:00+00:00,2025-02-26,1.3783378239058495,0.8393587094152309,1.7205877588418363
2025-02-26 18:45:00+00:00,2025-02-26,1.1747923585923306,0.743498297566933,9.127134115270499
2025-02-26 18:50:00+00:00,2025-02-26,1.148488857627575,0.7147377459546216,13.661472483291139
2025-02-26 18:55:00+00:00,2025-02-26,1.1072863940004718,0.6858485528461244,19.737110316594382
2025-02-26 19:00:00+00:00,2025-02-26,0.8360339518039277,0.4827271988828503,13.860790715067314
2025-02-26 19:05:00+00:00,2025-02-26,0.7830518303479289,0.44241241582446555,8.118067338317779
2025-02-26 19:10:00+00:00,2025-02-26,0.8291515086106385,0.478344474457721,5.744415095227383
2025-02-26 19:15:00+00:00,2025-02-26,0.4646634788524366,0.20734736962149988,0.2592030281415614
2025-02-26 19:20:00+00:00,2025-02-26,0.8391615579626431,0.48575168510254235,4.352991648363783
2025-02-26 19:25:00+00:00,2025-02-26,0.6746891810205915,0.36192433313235983,2.0382384785392826
2025-02-26 19:30:00+00:00,2025-02-26,0.9204423224371089,0.5451750629241005,4.462172131436561
2025-02-26 19:35:00+00:00,2025-02-26,0.5033691653926836,0.23475932501212202,1.5675412363264698
2025-02-26 19:40:00+00:00,2025-02-26,0.8823350457443456,0.5238772934228628,6.585659003423853
2025-02-26 19:45:00+00:00,2025-02-26,1.3599169030730125,0.8331565563884907,6.440806319137757
2025-02-26 19:50:00+00:00,2025-02-26,1.722515961826776,1.1057062095279369,14.081728015607826
2025-02-26 19:55:00+00:00,2025-02-26,1.7496443099036412,1.120248611726369,18.877116513627378
2025-02-26 20:00:00+00:00,2025-02-26,1.1335335038462935,0.7096042609729446,12.239194049936291
2025-02-27 14:05:00+00:00,2025-02-27,0.5870651934755345,0.2979471931075647,3.8704312954494027
2025-02-27 14:10:00+00:00,2025-02-27,0.5583000767258792,0.2752986876320357,6.21523721284392
2025-02-27 14:15:00+00:00,2025-02-27,0.999722322499799,0.6231703487325063,14.943815073019453
2025-02-27 14:20:00+00:00,2025-02-27,0.9733074229200646,0.5925872260516991,14.108415800915052
2025-02-27 14:25:00+00:00,2025-02-27,0.8206413277779204,0.48476790026274935,12.548157270200662
2025-02-27 14:30:00+00:00,2025-02-27,1.257536291808915,0.8066944502084089,40.70786933654165
2025-02-27 14:35:00+00:00,2025-02-27,1.01664035352987,0.628262187074613,26.685752407460058
2025-02-27 14:40:00+00:00,2025-02-27,1.3017610605059724,0.8287425610288743,19.196540785073875
2025-02-27 14:45:00+00:00,2025-02-27,1.4387286348081607,0.9402543355295863,13.344636024803693
2025-02-27 14:50:00+00:00,2025-02-27,1.6145230408203985,1.0192033016542756,6.323446473039323
2025-02-27 14:55:00+00:00,2025-02-27,1.4454279747161671,0.9000921186220996,3.7488982674691944
2025-02-27 15:00:00+00:00,2025-02-27,0.946653257614976,0.5824408337762997,9.895331204665798
2025-02-27 15:05:00+00:00,2025-02-27,0.9281256566017265,0.5725471660502132,12.031724145745972
2025-02-27 15:10:00+00:00,2025-02-27,0.8299320213669323,0.48219311022062095,18.100059864407537
2025-02-27 15:15:00+00:00,2025-02-27,0.8072423712824696,0.4637455480197166,20.252131643332596
2025-02-27 15:20:00+00:00,2025-02-27,1.002433148749866,0.6139188143759052,32.14011928350128
2025-02-27 15:25:00+00:00,2025-02-27,1.1444881324074234,0.7203197288682662,37.662959541162536
2025-02-27 15:30:00+00:00,2025-02-27,0.5434308514914914,0.2650425195951655,75.22237209180169
2025-02-27 15:35:00+00:00,2025-02-27,0.2654320149814967,0.08310477584374416,35.43610945201479
2025-02-27 15:40:00+00:00,2025-02-27,0.2764302250155379,0.08849324767831389,31.225617763732558
2025-02-27 15:45:00+00:00,2025-02-27,0.2817367881118804,0.0916648361510743,29.712717143416967
2025-02-27 15:50:00+00:00,2025-02-27,0.273712830639139,0.08805597679487119,22.48739521657869
2025-02-27 15:55:00+00:00,2025-02-27,0.284620828967317,0.09341232966287083,21.889364845047304
2025-02-27 16:00:00+00:00,2025-02-27,0.27818109269802543,0.09002132422649158,12.671450514177636
2025-02-27 16:05:00+00:00,2025-02-27,0.3840588867523717,0.1594037157899622,19.850090484287968
2025-02-27 16:10:00+00:00,2025-02-27,0.4572289302730732,0.20942279795779506,10.419512038807284
2025-02-27 16:15:00+00:00,2025-02-27,0.39612189040707707,0.16582358658774504,6.796458837158482
2025-02-27 16:20:00+00:00,2025-02-27,0.39506309545536966,0.16524654287643817,2.199356938071567
2025-02-27 16:25:00+00:00,2025-02-27,0.3950630954553695,0.1652465428764381,3.1657560415424797
2025-02-27 16:30:00+00:00,2025-02-27,0.41739218182509147,0.17569788745228235,3.7390392704274547
2025-02-27 16:35:00+00:00,2025-02-27,0.46464349349730827,0.20756026263775773,26.708859390058628
2025-02-27 16:40:00+00:00,2025-02-27,0.832164794929353,0.4810153660140204,28.1125865588816
2025-02-27 16:45:00+00:00,2025-02-27,0.4773129007631911,0.21753837995947056,20.46967783567635
2025-02-27 16:50:00+00:00,2025-02-27,0.7624227074049391,0.4286836448654807,24.408601707559825
2025-02-27 16:55:00+00:00,2025-02-27,0.42000156520462323,0.1802630896624002,16.837724052030037
2025-02-27 17:00:00+00:00,2025-02-27,0.5406163676228579,0.26572571672074474,21.917222662208125
2025-02-27 17:05:00+00:00,2025-02-27,0.556939547434725,0.2781924618295353,14.279952436717696
2025-02-27 17:10:00+00:00,2025-02-27,0.5306763114435669,0.2594944853745513,18.218390640050472
2025-02-27 17:15:00+00:00,2025-02-27,0.5315515597098549,0.26003344419537977,16.96363670106534
2025-02-27 17:20:00+00:00,2025-02-27,0.7883120339369132,0.4559799701328863,14.484612882881517
2025-02-27 17:25:00+00:00,2025-02-27,0.9805200868171938,0.6069344784085976,13.191710660607242
2025-02-27 17:30:00+00:00,2025-02-27,0.9793445460730862,0.6064008100551797,18.207313981847626
2025-02-27 17:35:00+00:00,2025-02-27,0.8761960115269147,0.5300272768734029,12.41614508093535
2025-02-27 17:40:00+00:00,2025-02-27,0.9871249363680011,0.6319497046233273,15.656767199805211
2025-02-27 17:45:00+00:00,2025-02-27,0.9300346589126299,0.5802800745422925,15.085184935553645
2025-02-27 17:50:00+00:00,2025-02-27,0.9148631919144348,0.5661244347592509,12.889138797802996
2025-02-27 17:55:00+00:00,2025-02-27,0.9300346589126299,0.5802800745422925,15.00609338235114
2025-02-27 18:00:00+00:00,2025-02-27,0.9031652535172632,0.5556194521537186,14.283835507047144
2025-02-27 18:05:00+00:00,2025-02-27,1.0323688636093278,0.6672931783109778,17.040788782224947
2025-02-27 18:10:00+00:00,2025-02-27,0.8866600420664694,0.5319898101456884,12.848143339082647
2025-02-27 18:15:00+00:00,2025-02-27,1.3901098160072851,0.920908161299019,15.96458211472814
2025-02-27 18:20:00+00:00,2025-02-27,1.196969096234073,0.7783208755503792,14.51745173494636
2025-02-27 18:25:00+00:00,2025-02-27,0.9005636591139335,0.5485889387182556,12.767018746544556
2025-02-27 18:30:00+00:00,2025-02-27,1.3368532607712629,0.88670231536193,13.976785149558648
2025-02-27 18:35:00+00:00,2025-02-27,1.8405760728773135,1.2160632411774892,17.12089364452303
2025-02-27 18:40:00+00:00,2025-02-27,1.4594818263086813,0.9898203658832325,9.951400720549778
2025-02-27 18:45:00+00:00,2025-02-27,1.3392203288844666,0.891839804783448,8.962126198570331
2025-02-27 18:50:00+00:00,2025-02-27,1.4048722118505519,0.9094122991575968,10.847413487452283
2025-02-27 18:55:00+00:00,2025-02-27,1.8964812023331654,1.2628955232823496,12.450437752730018
2025-02-27 19:00:00+00:00,2025-02-27,2.0034840734276886,1.2747714305023625,7.7990475649729465
2025-02-27 19:05:00+00:00,2025-02-27,1.5753360545770054,0.9434456455492342,0.7306265358788492
2025-02-27 19:10:00+00:00,2025-02-27,1.7382595172003705,1.036092888972247,1.9178257938504055
2025-02-27 19:15:00+00:00,2025-02-27,0.5658549260074485,0.28397410406600915,0.5056084790503679
2025-02-27 19:20:00+00:00,2025-02-27,0.5018849550532812,0.23470562445899246,0.7827047429296226
2025-02-27 19:25:00+00:00,2025-02-27,0.8650558703694916,0.5285449815675558,7.986200371883385
2025-02-27 19:30:00+00:00,2025-02-27,0.9373380779033539,0.5649517894760676,6.0013317475171375
2025-02-27 19:35:00+00:00,2025-02-27,0.9372153231182688,0.5650156922516488,4.027627642677062
2025-02-27 19:40:00+00:00,2025-02-27,1.0839145905985574,0.6998466735994864,5.843749521573543
2025-02-27 19:45:00+00:00,2025-02-27,1.1041206858667998,0.7060948439924573,5.827951452469409
2025-02-27 19:50:00+00:00,2025-02-27,1.5385581002150648,0.9302506119685028,1.3915697378827212
2025-02-27 19:55:00+00:00,2025-02-27,0.9156046496308253,0.5453389128555005,2.5801723822905123
2025-02-27 20:00:00+00:00,2025-02-27,1.2948279089886627,0.8210317608788156,3.9447172505159394
2025-02-28 14:05:00+00:00,2025-02-28,0.5043621728922819,0.2361127153721883,1.1630645851056727
2025-02-28 14:10:00+00:00,2025-02-28,0.6557033131618865,0.35163742484547944,5.324123269481226
2025-02-28 14:15:00+00:00,2025-02-28,0.8015002280824055,0.4621575316297964,2.5089819738175887
2025-02-28 14:20:00+00:00,2025-02-28,0.6318188300258003,0.333126048600714,1.9788348624261731
2025-02-28 14:25:00+00:00,2025-02-28,0.6898519787972084,0.3771270380112264,4.424011578436619
2025-02-28 14:30:00+00:00,2025-02-28,0.5151206665170295,0.24437422290286162,25.572201934658022
2025-02-28 14:35:00+00:00,2025-02-28,0.5910160261031561,0.30386870846974784,16.769224232543543
2025-02-28 14:40:00+00:00,2025-02-28,0.5315972422448092,0.2563707838302117,8.67017139906549
2025-02-28 14:45:00+00:00,2025-02-28,0.5592231151417423,0.2754893232906262,1.6791665083441778
2025-02-28 14:50:00+00:00,2025-02-28,1.5115231816114005,0.9847894755671622,15.340246123864567
2025-02-28 14:55:00+00:00,2025-02-28,1.3417674004000963,0.8780766914790321,12.584786453695846
2025-02-28 15:00:00+00:00,2025-02-28,1.533505070989469,0.9959752870478714,14.216104257067283
2025-02-28 15:05:00+00:00,2025-02-28,1.7675944474672727,1.1668627049495868,12.955249315894255
2025-02-28 15:10:00+00:00,2025-02-28,1.2867653680936595,0.8038641889880029,12.78881318532487
2025-02-28 15:15:00+00:00,2025-02-28,1.3482116045770989,0.8295659961894344,7.625773009057281
2025-02-28 15:20:00+00:00,2025-02-28,1.5400886537889906,0.9902365088369864,12.229424103087235
2025-02-28 15:25:00+00:00,2025-02-28,1.7988506983117665,1.1408771742547539,16.58230817103169
2025-02-28 15:30:00+00:00,2025-02-28,1.0536143028492602,0.6530127192255861,30.781389298910085
2025-02-28 15:35:00+00:00,2025-02-28,0.31445154986101037,0.11016017931577343,8.220297186920284
2025-02-28 15:40:00+00:00,2025-02-28,0.3144515498610102,0.11016017931577336,7.8725567244297
2025-02-28 15:45:00+00:00,2025-02-28,0.2896956083835269,0.09574427194931272,7.355583463223223
2025-02-28 15:50:00+00:00,2025-02-28,0.4045073626234166,0.167532214790715,6.749729641068075
2025-02-28 15:55:00+00:00,2025-02-28,0.2896956083835269,0.0957442719493127,3.487779539757156
2025-02-28 16:00:00+00:00,2025-02-28,0.4527182698319285,0.20078266217123972,10.360908134849144
2025-02-28 16:05:00+00:00,2025-02-28,0.5316286281143849,0.2617435559015108,15.590571580819798
2025-02-28 16:10:00+00:00,2025-02-28,0.550842731582407,0.27353479898381033,14.568342005108603
2025-02-28 16:15:00+00:00,2025-02-28,1.0196233133689805,0.6137784350266013,28.319644553628997
2025-02-28 16:20:00+00:00,2025-02-28,1.0142972204545082,0.6100848175811502,32.74741788675672
2025-02-28 16:25:00+00:00,2025-02-28,0.7914093534549419,0.44904736026580294,31.07955952333375
2025-02-28 16:30:00+00:00,2025-02-28,0.7419742555896017,0.41217138555780375,30.95716414143698
2025-02-28 16:35:00+00:00,2025-02-28,0.8361575656336486,0.4956696275363434,32.5919524716001
2025-02-28 16:40:00+00:00,2025-02-28,1.2597019310680637,0.8090049674844282,34.43690035890088
2025-02-28 16:45:00+00:00,2025-02-28,0.9335819906523107,0.5591732026122213,32.320235906343655
2025-02-28 16:50:00+00:00,2025-02-28,0.9126821395696522,0.5422538490386923,29.118382848571784
2025-02-28 16:55:00+00:00,2025-02-28,1.0144771759283973,0.6115060571100006,25.584489789024275
2025-02-28 17:00:00+00:00,2025-02-28,1.0578090435606842,0.644930065062864,23.015821789583555
2025-02-28 17:05:00+00:00,2025-02-28,1.0542398487697835,0.6418478664557663,18.97448518242497
2025-02-28 17:10:00+00:00,2025-02-28,1.0413240444680818,0.6377786770153795,17.60360702681105
2025-02-28 17:15:00+00:00,2025-02-28,1.0437631046217366,0.639342996682589,14.022707274323615
2025-02-28 17:20:00+00:00,2025-02-28,0.9879294713451646,0.5968265866844273,5.5183029159363635
2025-02-28 17:25:00+00:00,2025-02-28,1.4701945320761098,0.9095022438392995,3.580372603978051
2025-02-28 17:30:00+00:00,2025-02-28,1.47079326116762,0.8927592620164422,0.42982974207039515
2025-02-28 17:35:00+00:00,2025-02-28,1.0768930658143054,0.6636847278601201,6.350128623097582
2025-02-28 17:40:00+00:00,2025-02-28,1.0380659106543344,0.6410344740701631,4.205097010934084
2025-02-28 17:45:00+00:00,2025-02-28,1.4723925270634346,0.9281916765070126,2.371798644036579
2025-02-28 17:50:00+00:00,2025-02-28,1.4333613861642476,0.9051043235392522,7.367130389901124
2025-02-28 17:55:00+00:00,2025-02-28,1.4263705277198,0.9036846176424798,7.610266529302561
2025-02-28 18:00:00+00:00,2025-02-28,1.4388364400293685,0.912988288382347,14.754287448825735
2025-02-28 18:05:00+00:00,2025-02-28,2.0548470144315196,1.2744451198560842,21.619408618260337
2025-02-28 18:10:00+00:00,2025-02-28,1.504902240466915,0.947506622245847,20.725725853501146
2025-02-28 18:15:00+00:00,2025-02-28,1.1310690812757995,0.725923558776804,20.855301908068796
2025-02-28 18:20:00+00:00,2025-02-28,1.1266813541574963,0.726632682329316,22.023988853210575
2025-02-28 18:25:00+00:00,2025-02-28,1.1114790129375958,0.7135318253130436,20.80182424105303
2025-02-28 18:30:00+00:00,2025-02-28,1.092854177040697,0.7003182945195013,18.087425824994657
2025-02-28 18:35:00+00:00,2025-02-28,0.8053105584269596,0.46834300644419363,9.099645375379966
2025-02-28 18:40:00+00:00,2025-02-28,1.3938930673975953,0.8907322419620751,17.004364871127706
2025-02-28 18:45:00+00:00,2025-02-28,1.0496882550472,0.6596626573957269,21.623055167624273
2025-02-28 18:50:00+00:00,2025-02-28,1.0826766495500295,0.6709549924771929,20.927364648749993
2025-02-28 18:55:00+00:00,2025-02-28,1.7601737609944381,1.1230022921003036,20.72868448780892
2025-02-28 19:00:00+00:00,2025-02-28,1.6541671724561635,1.0502839461991798,11.943457977870402
2025-02-28 19:05:00+00:00,2025-02-28,1.6753831533607637,1.0685126631004715,8.102867763027062
2025-02-28 19:10:00+00:00,2025-02-28,0.339293061440195,0.12428315871683134,3.2191992067255413
2025-02-28 19:15:00+00:00,2025-02-28,0.40940081875976714,0.17034013082776278,2.4585623149268736
2025-02-28 19:20:00+00:00,2025-02-28,0.3229384795337519,0.11424935054375673,4.3520846745377035
2025-02-28 19:25:00+00:00,2025-02-28,0.5766358831923382,0.290327209817443,1.58750564045671
2025-02-28 19:30:00+00:00,2025-02-28,1.7163204728091315,1.1400145030964302,4.956274804412349
2025-02-28 19:35:00+00:00,2025-02-28,0.38172444981604864,0.1530530208753873,2.2769767571988346
2025-02-28 19:40:00+00:00,2025-02-28,0.5042502763438862,0.23656220428502767,0.9314313123859446
2025-02-28 19:45:00+00:00,2025-02-28,0.4866759814494062,0.2308715087120774,7.942185154513053
2025-02-28 19:50:00+00:00,2025-02-28,0.4973256266633322,0.2345166641960125,13.58050950811799
2025-02-28 19:55:00+00:00,2025-02-28,0.39915019622105774,0.16706488175728024,5.784653197395823
2025-02-28 20:00:00+00:00,2025-02-28,0.34363265254409897,0.12954205993632723,1.1689746298786332
